AAPL,Apple
MSFT,Microsoft
GOOG,Alphabet
GOOGL,Alphabet
AMZN,Amazon.com
TSLA,Tesla
NVDA,NVIDIA
META,Meta Platforms
ASML,ASML
AVGO,Broadcom
GEN,Gen Digital
PEP,PepsiCo
COST,Costco Wholesale
AZN,AstraZeneca
CSCO,Cisco Systems
TMUS,T-Mobile US
CMCSA,Comcast
ADBE,Adobe
NFLX,Netflix
TXN,Texas Instruments
QCOM,QUALCOMM
HON,Honeywell International
AMGN,Amgen
PDD,Pinduoduo
SBUX,Starbucks
SNY,Sanofi
INTC,Intel
AMD,AMD
INTU,Intuit
GILD,Gilead Sciences
JD,JD.com
AMAT,Applied Materials
ADP,ADP
BKNG,Booking Holdings
PYPL,PayPal Holdings
MDLZ,Mondelez International
ISRG,Intuitive Surgical
ADI,Analog Devices
CHTR,Charter Communications
VRTX,Vertex Pharmaceuticals
REGN,Regeneron Pharmaceuticals
MRNA,Moderna
MU,Micron Technology
LRCX,Lam Research
EQIX,Equinix
FISV,Fiserv
ABNB,Airbnb
CSX,CSX
CME,CME Group
NTES,NetEase
KLAC,KLA
MELI,MercadoLibre
ATVI,Activision Blizzard
PCAR,PACCAR
MAR,Marriott
MNST,Monster Beverage
SNPS,Synopsys
ORLY,O'Reilly Automotive
CDNS,CDS
KDP,KDP
KHC,The
AEP,AEPC
PANW,PAN
BIDU,Baidu
NXPI,NXP
WDAY,Workday
ADSK,Autodesk
CTAS,Cintas
MCHP,Microchip Technology
BIIB,Biogen
FTNT,Fortinet
ROST,Ross Stores
PAYX,Paychex
EXC,Exelon
DXCM,DexCom
TEAM,Atlassian
IDXX,IDEXX Laboratories
LULU,lululemon athletica
XEL,Xcel Energy
MRVL,Marvell Technology
WBD,WBD
EA,Electronic Arts
ODFL,ODFL
BNTX,BioNTech
DLTR,Dollar Tree
ILMN,Illumina
CTSH,CTS
GFS,GlobalFoundries
CSGP,CoStar Group
CPRT,Copart
SBAC,SBA Communications
BKR,Baker
ON,ON Semiconductor
WBA,WBA
GEHC,GHT
VOD,Vodafone
NDAQ,Nasdaq
ENPH,Enphase Energy
ALNY,Alnylam Pharmaceuticals
FAST,Fastenal
VRSK,Verisk Analytics
MBLY,Mobileye Global
CEG,Constellation Energy
WTW,Willis
BGNE,BeiGene
FANG,Diamondback Energy
EBAY,eBay
CDW,CDW
SGEN,Seagen
ULTA,Ulta Beauty
GMAB,Genmab
HZNP,Horizon
TCOM,Trip.com
CCEP,Coca-Cola
TROW,TRPG
TSCO,Tractor
FITB,Fifth
LI,Li Auto
CRWD,CrowdStrike Holdings
TTD,TTD
ACGL,Arch
DDOG,Datadog
ANSS,ANSYS
VRSN,VeriSign
SIRI,SXH
PFG,Principal
RYAAY,Ryanair
BMRN,BioMarin Pharmaceutical
HBAN,Huntington Bancshares
STLD,Steel Dynamics
ARGX,argenx
ZM,ZVC
HOLX,Hologic
ALGN,Align Technology
MPWR,MPS
PODD,Insulet
NTRS,Northern Trust
ERIC,Ericsson
JBHT,JHTS
INCY,Incyte
WMG,Warner
ICLR,ICON
FSLR,First Solar
TTWO,TIS
LPLA,LFH
FOXA,Fox
IEP,Icahn
EXPE,Expedia Group
SWKS,Skyworks Solutions
ZS,Zscaler
SIVB,SVB
FOX,Fox
EXPD,EIOW
RPRX,Royalty
ETSY,Etsy
SEDG,SolarEdge Technologies
RIVN,Rivian Automotive
PARAA,Paramount
CINF,Cincinnati Financial
FWONK,Liberty Media
LCID,Lucid Group
TER,Teradyne
UAL,UAH
HTHT,H
CHKP,Check
ZBRA,Zebra Technologies
PTC,PTC
TW,Tradeweb Markets
SPLK,Splunk
LKQ,LKQ
FWONA,Liberty Media
SSNC,STH
PARA,Paramount
APA,APA
MTCH,Match Group
NTAP,NetApp
EVRG,Evergy
STX,Seagate
POOL,Pool
MDB,MongoDB
VTRS,Viatris
TRMB,Trimble
LBRDA,Liberty Broadband
LBRDK,Liberty Broadband
COIN,Coinbase Global
GRAB,Grab
MKTX,MarketAxess Holdings
WDC,Western Digital
AKAM,Akamai Technologies
LNT,Alliant Energy
GLPI,GALP
NICE,NICE
NDSN,Nordson
AXON,Axon Enterprise
LSXMA,Liberty Media
LSXMK,Liberty Media
ERIE,Erie
JKHY,JH&A
LSXMB,Liberty Media
HST,HH&R
CG,TCG
TECH,Bio-Techne
PSNY,Polestar
AZPN,Aspen Technology
ENTG,Entegris
UTHR,United Therapeutics
NWS,News
NWSA,News
CHK,Chesapeake Energy
DOCU,DocuSign
WYNN,Wynn
HSIC,Henry Schein
CHRW,CRW
EXAS,Exact Sciences
BILI,Bilibili
QRVO,Qorvo
REG,Regency Centers
PCTY,Paylocity Holding
FCNCA,FCB
BZ,KANZHUN
CZR,Caesars Entertainment
BSY,Bentley Systems
DOX,Amdocs
OKTA,Okta
ZI,ZoomInfo
SRPT,Sarepta Therapeutics
FIVE,Five Below
FLEX,Flex
RGEN,Repligen
AAL,AAG
BRKR,Bruker
LAMR,Lamar
LSCC,Lattice Semiconductor
NBIX,Neurocrine Biosciences
ARCC,Ares Capital
EWBC,EWB
Z,Zillow Group
LBTYK,Liberty
MORN,Morningstar
XP,XP
WSC,WillScot
ZG,Zillow Group
LBTYA,Liberty
LBTYB,Liberty
JAZZ,Jazz
NVCR,NovoCure
LOGI,Logitech
CHDN,Churchill Downs
LECO,LEH
CGNX,Cognex
LEGN,Legend Biotech
OTEX,Open Text
PLUG,Plug Power
PAA,Plains
HAS,Hasbro
FFIV,F5
MASI,Masimo
XM,Qualtrics International
HOOD,Robinhood Markets
CASY,CGS
RGLD,Royal Gold
DBX,Dropbox
SEIC,SEI
TTEK,Tetra Tech
CBSH,Commerce Bancshares
IBKR,IBG
MIDD,Middleby
XRAY,DENTSPLY SIRONA
SBNY,Signature
MANH,Manhattan Associates
CAR,ABG
ZION,Zions
NFE,NFE
CELH,Celsius Holdings
ACHC,AHC
DISH,DISH Network
FUTU,Futu
CROX,Crocs
IRDM,Iridium
ESLT,Elbit
NXST,NMG
AMKR,Amkor Technology
ROKU,Roku
GTLB,GitLab
CNXC,Concentrix
HALO,Halozyme Therapeutics
MAT,Mattel
FYBR,FCP
NATI,National Instruments
MEDP,Medpace Holdings
MKSI,MKS Instruments
SWAV,ShockWave Medical
ASND,Ascendis
GNTX,Gentex
KRTX,Karuna Therapeutics
BOKF,BOK Financial
ALGM,Allegro MicroSystems
TXRH,Texas Roadhouse
SAIA,Saia
CFLT,Confluent
NWL,Newell Brands
AGNC,AGNC
WWD,Woodward
NTNX,Nutanix
PDCE,PDC Energy
DKNG,DraftKings
DOOO,BRP
CHX,ChampionX
FSV,FirstService
GRFS,Grifols
CHRD,Chord Energy
LFUS,Littelfuse
REYN,RCP
OLED,Universal Display
COHR,Coherent
DSGX,DSG
ROIV,Roivant
LNW,L&W
COUP,Coupa Software
MLCO,Melco
WB,Weibo
IQ,iQIYI
LSTR,Landstar System
PPC,Pilgrim's Pride
CACC,Credit Acceptance
SSB,SouthState
PNFP,PFP
APLS,Apellis Pharmaceuticals
HTZ,Hertz
RCM,R1 RCM
VLY,Valley
EXEL,Exelixis
SIGI,SIG
EXLS,ExlService Holdings
NOVT,Novanta
QDEL,QuidelOrtho
CCCS,CISH
COLM,Columbia
IONS,Ionis Pharmaceuticals
EEFT,Euronet Worldwide
LYFT,Lyft
KNBE,KnowBe4
HCP,HashiCorp
CYBR,CyberArk
UFPI,UFP Industries
FIVN,Five9
IOSP,Innospec
MNDY,monday.com
WTFC,Wintrust Financial
IPGP,IPG Photonics
TXG,10x Genomics
LANC,Lancaster Colony
MDGL,Madrigal Pharmaceuticals
RXDX,Prometheus Biosciences
UBSI,United Bankshares
PENN,PENN Entertainment
OZK,Bank
SLAB,Silicon Laboratories
OPCH,OCH
EXPO,Exponent
CERE,CTH
RUN,Sunrun
ENSG,TEG
WIX,Wix.com
HQY,HealthEquity
ONB,Old
SYNA,Synaptics
CRUS,Cirrus Logic
LHCG,LHC
SPSC,SPS Commerce
IAC,IAC
POWI,Power Integrations
FFIN,FFB
SRCL,Stericycle
NVEI,Nuvei
BPOP,Popular
DLO,DLocal
MTSI,MTSH
GDS,GDS
TSEM,Tower
RMBS,Rambus
COKE,Coca-Cola Consolidated
IART,ILH
ALKS,Alkermes
WEN,Wendy's
SHC,Sotera
DRVN,DBH
ITCI,Intra-Cellular Therapies
SOFI,SoFi Technologies
WING,Wingstop
NTRA,Natera
FOXF,Fox
FRSH,Freshworks
ICUI,ICU Medical
TENB,Tenable Holdings
APP,Applovin
CIGI,CIG
SLM,SLM
NEOG,Neogen
QLYS,Qualys
PYCR,Paycor HCM
HWC,Hancock Whitney
ESGR,Enstar
ASO,ASAO
UMBF,UMB Financial
FCFS,FirstCash Holdings
ALTR,Altair Engineering
ZD,Ziff Davis
AVT,Avnet
CWST,CWS
BL,BlackLine
DNLI,Denali Therapeutics
BCPC,Balchem
FIZZ,National
GLBE,Global-E
AFRM,Affirm Holdings
TFSL,TFS Financial
LITE,Lumentum Holdings
CYTK,Cytokinetics
DIOD,Diodes
SMCI,SMC
VC,Visteon
ACT,Enact Holdings
WFRD,Weatherford
SGRY,Surgery Partners
AIMC,Altra
MMSI,MMS
FELE,FEC
FIBK,FIB
PAAS,Pan
PTON,Peloton Interactive
APPF,AppFolio
AAON,AAON
VIR,Vir Biotechnology
CRSP,CRISPR
FRHC,Freedom
PINC,Premier
NSIT,Insight Enterprises
AZTA,Azenta
ABCM,Abcam
PECO,PE&C
PCH,PotlatchDeltic
LNTH,Lantheus Holdings
UMPQ,Umpqua Holdings
OLPX,Olaplex Holdings
BHF,Brighthouse Financial
ARWR,Arrowhead Pharmaceuticals
MQ,Marqeta
DADA,Dada
PCVX,Vaxcyte
QFIN,360 DigiTech
PLTK,Playtika
EVO,Evotec
FOLD,Amicus Therapeutics
ACLS,Axcelis Technologies
UCBI,UCB
SYNH,Syneos Health
PTEN,Patterson-UTI Energy
FLNC,Fluence Energy
OMAB,Grupo
IPAR,Inter Parfums
STNE,StoneCo
SMPL,The
BECN,BRS
SRAD,Sportradar
AEIS,AEI
LOPE,GCE
SSRM,SSR Mining
INDB,Independent
DUOL,Duolingo
SPT,Sprout
AMBA,Ambarella
DRS,Leonardo DRS
VIRT,Virtu Financial
ATAT,Atour
NARI,Inari Medical
TWKS,Thoughtworks Holding
NWTN,NWTN
HPK,HighPeak Energy
NWE,NorthWestern
SFM,SFM
OLLI,OBOH
PTCT,PTC Therapeutics
ZLAB,Zai
HCM,HUTCHMED
CVT,Cvent
NTLA,Intellia Therapeutics
CVBF,CVB Financial
STAA,STAAR
BLKB,Blackbaud
SANM,Sanmina
ONEM,1Life Healthcare
ABCB,Ameris
FHB,First Hawaiian
ARRY,Array Technologies
GT,The
CCOI,CCH
CD,Chindata
PI,Impinj
TRIP,TripAdvisor
AY,Atlantica
SGML,Sigma Lithium
MXL,MaxLinear
MEOH,Methanex
GH,Guardant Health
COOP,MCG
EYE,NVH
BMBL,Bumble
AXSM,Axsome Therapeutics
PGNY,Progyny
EBC,Eastern Bankshares
ACIW,ACI Worldwide
CATY,Cathay
PEGA,Pegasystems
PZZA,PJI
SHLS,STG
AXNX,Axonics
BEAM,Beam Therapeutics
RUSHB,Rush Enterprises
TCBI,TCB
SBRA,SHCR
RARE,Ultragenyx Pharmaceutical
PACW,PacWest
VICR,Vicor
ACAD,ACADIA Pharmaceuticals
ALVO,Alvotech
CERT,Certara
TWNK,Hostess Brands
PSEC,Prospect Capital
KLIC,KASI
ABCL,AbCellera Biologics
LIVN,LivaNova
MMYT,MakeMyTrip
TIGO,Millicom
MRTX,Mirati Therapeutics
APPN,Appian
FRPT,Freshpet
BRZE,Braze
NCNO,nCino
AMED,Amedisys
GLPG,Galapagos
PDCO,Patterson Companies
WOOF,PHAWC
IMCR,Immunocore
HRMY,HBH
VRNS,Varonis Systems
JJSF,J
FOCS,FFP
CRVL,CorVel
ISEE,IVERIC bio
AAWW,Atlas
INMD,InMode
WSFS,WSFS Financial
GO,Grocery
WERN,Werner Enterprises
PPBI,Pacific
DORM,Dorman Products
IRTC,iRhythm Technologies
INSM,Insmed
PRTA,Prothena
HLNE,Hamilton Lane
FLYW,Flywire
PRVA,PHG
RUSHA,Rush Enterprises
AHCO,AdaptHealth
MRCY,Mercury
RVNC,Revance Therapeutics
WIRE,Encore Wire
BPMC,Blueprint Medicines
MSTR,MicroStrategy
SPWR,SunPower
FWRD,Forward Air
IBOC,International Bancshares
RUM,Rumble
SFNC,SFN
HUBG,Hub Group
JBLU,JetBlue Airways
FULT,Fulton Financial
BANF,BancFirst
YY,JOYY
CSIQ,Canadian Solar
CVLT,Commvault Systems
NVMI,Nova
SHOO,Steven
CALM,Cal-Maine Foods
ULCC,FGH
AMLX,Amylyx Pharmaceuticals
PLXS,Plexus
PACB,PBOC
SAGE,Sage Therapeutics
LESL,Leslie's
PAGP,Plains
HELE,Helen
ARLP,Alliance
FROG,JFrog
PRFT,Perficient
XRX,Xerox Holdings
VSAT,ViaSat
ALRM,Alarm.com Holdings
RRR,RRR
OTTR,Otter Tail
NTCT,NetScout Systems
CRDO,Credo
NAVI,Navient
VIAV,Viavi Solutions
MGEE,MGE
SITM,SiTime
TPG,TPG
DCT,DCT
CORT,Corcept Therapeutics
TNDM,TDC
LGIH,LGI Homes
QRTEB,Qurate Retail
OMCL,Omnicell
ITRI,Itron
GLNG,Golar
VRNT,Verint Systems
URBN,Urban Outfitters
RVMD,Revolution Medicines
VNOM,Viper
FRME,First Merchants
IBTX,Independent
TTEC,TTEC Holdings
CBRL,Cracker
RLAY,Relay Therapeutics
RNW,ReNew
OLK,Olink
EXPI,EWH
ODP,The ODP
XENE,Xenon Pharmaceuticals
CVCO,Cavco Industries
NUVA,NuVasive
COLB,CBS
GBDC,GCB
SONO,Sonos
WDFC,WD-40
JAMF,Jamf
MGRC,McGrath
VRRM,Verra Mobility
THRM,Gentherm
EXTR,Extreme Networks
SABR,Sabre
PSNYW,Polestar
LAZR,Luminar Technologies
RKLB,RLU
CSQ,Calamos
PAX,Patria
PRGS,Progress Software
STRA,Strategic Education
SBLK,Star
SIMO,SMT
TOWN,TowneBank
ALHC,Alignment Healthcare
SUPN,Supernus Pharmaceuticals
TRUP,Trupanion
CENT,Central
WAFD,Washington Federal
AVAV,AeroVironment
FTAI,FTAI
FFBC,First
AKRO,Akero Therapeutics
MOMO,Hello Group
AVDX,AvidXchange Holdings
FORM,FormFactor
PSMT,PriceSmart
KRYS,Krystal Biotech
CLDX,Celldex Therapeutics
CVAC,CureVac
BANR,Banner
FTDR,Frontdoor
CLBK,Columbia Financial
MGPI,MGP Ingredients
WSBC,WesBanco
PROK,ProKidney
AGYS,Agilysys
LILAK,Liberty
LILA,Liberty
CENTA,Central
RPD,Rapid7
SMTC,Semtech
CRCT,Cricut
TMDX,TransMedics Group
GOGO,Gogo
GGAL,Grupo
NVEE,NV5 Global
XPEL,XPEL
RELY,Remitly Global
FGEN,FibroGen
BLMN,Bloomin' Brands
TGTX,TG Therapeutics
FA,First Advantage
LTRPB,LTH
VTYX,Ventyx Biosciences
PAYO,Payoneer Global
IDCC,InterDigital
SILK,SRM
VCTR,VCH
BCRX,BioCryst Pharmaceuticals
CSWI,CSW Industrials
ATRC,AtriCure
PLAY,D&BE
CARG,CarGurus
DNUT,Krispy Kreme
ATSG,Air
CAKE,Cheesecake Factory
PTVE,Pactiv Evergreen
LFST,LHG
ARCB,ArcBest
XNCR,Xencor
MDRX,Veradigm
EVCM,EverCommerce
ROIC,Retail
KYMR,Kymera Therapeutics
EFSC,EFS
NMIH,NMI Holdings
GDRX,GoodRx Holdings
SBCF,Seacoast Banking
RNST,Renasant
HTLF,HFU
TRMD,TORM
SNDX,Syndax Pharmaceuticals
LGND,Ligand Pharmaceuticals
BATRA,Liberty Media
ICFI,ICF International
NUVL,Nuvalent
VERX,Vertex
CSGS,CSI
BATRK,Liberty Media
GPRE,Green Plains
SWTX,SpringWorks Therapeutics
BLDP,BPS
SNEX,StoneX Group
VCYT,Veracyte
ARHS,Arhaus
AUR,Aurora Innovation
MRVI,MLH
INTA,Intapp
GOGL,Golden
HLMN,Hillman
IMKTA,Ingles Markets
HEES,HES
BRP,BRP Group
CRTO,Criteo
PCRX,Pacira BioSciences
MRTN,Marten
DSEY,Diversey
IRWD,Ironwood Pharmaceuticals
COHU,Cohu
CPRX,Catalyst Pharmaceuticals
STEP,StepStone Group
LKFN,Lakeland Financial
RCKT,Rocket Pharmaceuticals
VRNA,Verona
TRMK,Trustmark
ADUS,Addus HomeCare
LAUR,Laureate Education
RYTM,Rhythm Pharmaceuticals
PLRX,Pliant Therapeutics
SYBT,SYB
TASK,TaskUs
PRCT,PROCEPT BioRobotics
HAIN,HCG
MLKN,MillerKnoll
NWBI,Northwest Bancshares
SEAT,Vivid Seats
AGIO,Agios Pharmaceuticals
MYGN,Myriad Genetics
UDMY,Udemy
ARVN,Arvinas
TH,Target
INFN,Infinera
ESTA,ELH
MNTK,Montauk Renewables
TCBK,TriCo
APPS,Digital Turbine
UPWK,Upwork
COMM,CHC
PRME,Prime Medicine
TBBK,The
BGCP,BGC
GCMG,GCM Grosvenor
OSIS,OSI Systems
KDNY,Chinook Therapeutics
SDGR,Schrodinger
TTMI,TTM Technologies
MYRG,MYR Group
GET,Getnet
KROS,Keros Therapeutics
DAWN,DOB
LZ,LegalZoom.com
NBTB,NBT Bancorp
CRSR,Corsair Gaming
IAS,Integral
AMPL,Amplitude
CTKB,Cytek Biosciences
ROCK,Gibraltar Industries
TWST,Twist Bioscience
NMRK,Newmark Group
IBRX,ImmunityBio
MNRO,Monro
OCSL,OSL
SATS,EchoStar 
FBNC,First
HLIT,Harmonic
JACK,JITB
ALGT,Allegiant
PRAA,PRA Group
GERN,Geron
UCTT,UCH
RXRX,Recursion Pharmaceuticals
DICE,DICE Therapeutics
XMTR,Xometry
VRTS,VIP
PATK,Patrick Industries
AMEH,AMH
MODV,ModivCare
VRDN,Viridian Therapeutics
MSEX,Middlesex
EMBC,Embecta
STEL,Stellar Bancorp
UNIT,Uniti Group
WABC,Westamerica
AMPH,Amphastar Pharmaceuticals
VIVO,Meridian Bioscience
MCRI,MC&R
RNA,Avidity Biosciences
MGNI,Magnite
REPL,Replimune Group
RETA,Reata Pharmaceuticals
SKIN,The
SCHL,Scholastic
ACVA,ACV Auctions
DVAX,Dynavax Technologies
SASR,SSB
ALTI,ATH
HOPE,Hope Bancorp
ALKT,Alkami Technology
IMVT,Immunovant
ADTN,ADTRAN Holdings
ANGI,Angi
ROAD,Construction Partners
VBTX,Veritex Holdings
EGBN,Eagle Bancorp
UPST,Upstart Holdings
PERI,Perion
ACLX,Arcellx
TTGT,TechTarget
AFYA,Afya
HIMX,Himax Technologies
RCII,Rent-A-Center
CHEF,TCW
EVOP,EVO Payments
KALU,Kaiser Aluminum
SUMO,Sumo Logic
TVTX,Travere Therapeutics
NEO,NeoGenomics
SVC,Service
SBGI,SBG
FCEL,FuelCell Energy
TMCI,TMC
MNKD,MannKind
KTOS,KD&SS
HURN,HCG
SLN,Silence
OCFC,OceanFirst
PRIM,Primoris Services
CASH,Pathward Financial
TLRY,Tilray Brands
SOVO,Sovos Brands
VERV,Verve Therapeutics
CHCO,City
ATEC,Alphatec Holdings
AVID,Avid Technology
OM,Outset Medical
CLMT,Calumet
PCT,PureCycle Technologies
TFIN,Triumph Financial
DCPH,Deciphera Pharmaceuticals
PTNR,Partner
PLUS,ePlus
STBA,S&T Bancorp
CGC,Canopy Growth
OTLY,Oatly
AVTA,Avantax
BBIO,BridgeBio Pharma
VCEL,Vericel
NMFC,NMF
HTLD,Heartland Express
AUPH,Aurinia
ADPT,Adaptive Biotechnologies
ECPG,Encore
ZNTL,Zentalis Pharmaceuticals
SPNS,Sapiens International
PAYA,Paya Holdings
KC,Kingsoft
TBLA,Taboola.com
STER,Sterling
NKLA,Nikola
CNXN,PC Connection
SAFT,SIG
CINC,CinCor Pharma
PLMR,Palomar Holdings
ACDC,ProFrac
RADI,RGI
TRS,TriMas
SCLX,Scilex
DCOM,DCB
NXGN,NextGen Healthcare
IRBT,iRobot
CLNE,Clean
RILY,BRF
PLL,Piedmont Lithium
DGII,Digi International
FORTY,Formula
BUSE,First Busey
ANDE,Andersons
EVBG,Everbridge
ENVX,Enovix
DMLP,Dorchester
DCBO,Docebo
DH,Definitive
MORF,Morphic Holding
PDFS,PDF Solutions
PLYA,Playa
IOVA,Iovance Biotherapeutics
ERII,Energy Recovery
SSP,E.W.
OBNK,Origin Bancorp
LBAI,Lakeland Bancorp
CCSI,CCS
CAMT,Camtek
HOLI,Hollysys
SRCE,1st Source
ADEA,Adeia
SAVA,Cassava Sciences
PLAB,Photronics
RDNT,RadNet
MBUU,Malibu Boats
KRNT,Kornit
MNTV,Momentive Global
INBX,Inhibrx
FRG,Franchise Group
KFRC,Kforce
GDEN,Golden Entertainment
SBSI,Southside Bancshares
MATW,Matthews International
NAMS,NewAmsterdam
SHYF,TSG
GGR,Gogoro
ALLO,Allogene Therapeutics
NYMT,NYMT
ACRS,Aclaris Therapeutics
EQRX,EQRx
ATRI,Atrion
NSSC,NST
MBIN,Merchants
CFFN,CFF
NAAS,NaaS Technology
HERA,FTAC
SPTN,SpartanNash
NRC,National Research
CYRX,CryoPort
BRKL,Brookline Bancorp
KALA,Kala Pharmaceuticals
OPEN,Opendoor
IHRT,iHeartMedia
COWN,Cowen
GABC,GAB
CLFD,Clearfield
CRNX,Crinetics Pharmaceuticals
ME,23andMe
SNCY,SCAH
ENTA,Enanta Pharmaceuticals
PTRA,Proterra
QQQX,Nuveen
KIDS,OrthoPediatrics
MGI,Moneygram International
PTLO,Portillo's
IMGN,ImmunoGen
OFLX,Omega Flex
INTR,I&C
AMSF,AMERISAFE
VECO,Veeco Instruments
COGT,Cogent Biosciences
RIOT,Riot Platforms
INNV,InnovAge
CNDT,Conduent
MLAB,Mesa Laboratories
BYND,Beyond Meat
BLFS,BioLife Solutions
CLBT,Cellebrite
CCRN,CCH
OSTK,Overstock.com
BLU,BELLUS Health
MARA,MDH
LMAT,LeMaitre Vascular
STRL,Sterling Infrastructure
CENX,Century
AEHR,Aehr
CMCO,Columbus McKinnon
SKYW,SkyWest
VEON,VEON
DCGO,DocGo
QRTEA,Qurate Retail
FLGT,Fulgent Genetics
RGNX,REGENXBIO
PFBC,Preferred
QURE,uniQure
CDMO,Avid Bioservices
APOG,Apogee Enterprises
HFWA,Heritage Financial
NWLI,NWLG
WEST,Westrock
ARKO,ARKO
WALD,Waldencast
ICHR,Ichor
PRDO,Perdoceo Education
MAXN,Maxeon
PWP,Perella
KURA,Kura Oncology
LPRO,Open Lending
ARQT,Arcutis Biotherapeutics
OPK,OPKO Health
KNSA,Kiniksa
ASTE,Astec Industries
HCSG,HSG
TITN,Titan Machinery
ULH,ULH
OSW,OneSpaWorld
CRNC,Cerence
COLL,Collegium Pharmaceutical
OXLC,Oxford
INDI,indie Semiconductor
VALN,Valneva
RDWR,Radware
IGMS,IGM Biosciences
SHEN,Shenandoah
CONX,CONX
FWRG,FWRG
SCRM,Screaming
WKME,WalkMe
AMYT,Amryt
PRTC,PureTech
GPRO,GoPro
CHY,Calamos
SCHN,SSI
FBMS,First Bancshares
JBSS,JBS&S
MTTR,Matterport
VNET,VNET Group
NVAX,Novavax
CRON,Cronos Group
HSKA,Heska
ASLE,AerSale
RAPT,RAPT Therapeutics
JANX,Janux Therapeutics
BTAI,BioXcel Therapeutics
ARCE,Arco
HCCI,Heritage-Crystal Clean
SSYS,Stratasys
ALBO,Albireo Pharma
AMRK,APM
LPSN,LivePerson
PHAR,Pharming
WINA,Winmark
AOSL,Alpha
AMTB,Amerant Bancorp
BIGC,BigCommerce Holdings
CHI,Calamos
STGW,Stagwell
GSM,Ferroglobe
RTL,TNRR
IMXI,IME
AMWD,American Woodmark
MIRM,Mirum Pharmaceuticals
SYM,Symbotic
FFWM,First Foundation
NUTX,Nutex Health
CRAI,CRA International
INVA,Innoviva
RPAY,Repay Holdings
AVO,Mission Produce
STKL,SunOpta
RICK,RHH
CNOB,ConnectOne Bancorp
SGH,SGH
SANA,Sana Biotechnology
HIBB,Hibbett
PFC,Premier
NRDS,NerdWallet
IMOS,ChipMOS
USLM,USL&M
SHCR,Sharecare
SLRC,SLR
ROCC,Ranger Oil
NEXT,NextDecade
QCRH,QCR Holdings
GSHD,Goosehead Insurance
BCYC,Bicycle
UFPT,UFP Technologies
VREX,Varex Imaging
RBCAA,Republic Bancorp
VRAY,ViewRay
SCSC,ScanSource
MERC,Mercer International
HWKN,Hawkins
AVXL,Anavex
AVPT,AvePoint
JRVR,James
PEBO,Peoples Bancorp
EXFY,Expensify
SLP,Simulations Plus
ADV,Advantage Solutions
MFIC,MFI
CDNA,CareDx
ADMA,ADMA
ASTL,ASG
EWCZ,EWC
EXAI,Exscientia
MGIC,Magic
DSGR,DSG
IDYA,IDEAYA Biosciences
LYEL,Lyell Immunopharma
ORGN,Origin Materials
QNST,QuinStreet
FULC,Fulcrum Therapeutics
OPI,Office
IESC,IES Holdings
BIOX,Bioceres
RTC,Baijiayun
UFCS,UFG
VMEO,Vimeo
THRY,Thryv Holdings
CEVA,CEVA
MOND,Mondee Holdings
KARO,Karooooo
ICPT,Intercept Pharmaceuticals
ITOS,iTeos Therapeutics
UVSP,Univest Financial
SVFA,SVF
CGBD,CSL
PRVB,Provention Bio
TCPC,BlackRock
PNT,PBG
ANIP,ANI Pharmaceuticals
ACCD,Accolade
NVTS,Navitas Semiconductor
GIII,G-III
OFIX,Orthofix Medical
ATNI,ATN International
EH,EHang
AMCX,AMC Networks
VCSA,Vacasa
AGEN,Agenus
SCVL,Shoe Carnival
HTBK,Heritage
COCO,TVCC
CTBI,CTB
AMLI,American
SP,SP Plus
BLTE,Belite
CTIC,CTI
DYN,Dyne Therapeutics
ALEC,Alector
BJRI,BJ's Restaurants
NYAX,Nayax
SKWD,SSIG
ACMR,ACM Research
HCAT,Health
SLAM,Slam
AMAL,Amalgamated
LGAC,Lazard
MSDA,MSD
OSBC,OSB
AMRN,Amarin
CMPR,Cimpress
HSTM,HealthStream
WASH,WTB
TBPH,Theravance Biopharma
BRY,Berry
VTRU,Vitru
BFC,Bank First
PUBM,PubMatic
HCKT,Hackett
ANAB,AnaptysBio
IONR,ioneer
INVZ,Innoviz
ALT,Altimmune
HAFC,Hanmi Financial
FORR,Forrester Research
HAYN,Haynes International
BLNK,Blink
ATEX,Anterix
NNDM,Nano
SNBR,Sleep Number
SNPO,Snap
ROVR,Rover Group
CBAY,CymaBay Therapeutics
MRUS,Merus
NFBK,Northfield Bancorp
EWTX,Edgewise Therapeutics
TA,TOA
IIIV,i3 Verticals
GSBC,GSB
MCRB,Seres Therapeutics
VITL,Vital Farms
VSEC,VSE
HONE,HarborOne Bancorp
LAND,Gladstone Land
DENN,Denny's
JOUT,Johnson Outdoors
CUTR,Cutera
CSTL,Castle Biosciences
BBSI,BBS
FDMT,4MT
NESR,National
MOR,MorphoSys
KELYA,Kelly Services
CASS,Cass
LWLG,Lightwave Logic
KELYB,Kelly Services
BROG,Brooge
NVX,NOVONIX
GHIX,GHI
CHRS,Coherus BioSciences
INDT,IRT
GOOD,Gladstone Commercial
LX,LexinFintech
CARA,Cara Therapeutics
FMBH,FMB
CFIV,CF
YORW,York
VKTX,Viking Therapeutics
PTGX,Protagonist Therapeutics
MRSN,Mersana Therapeutics
KRNY,Kearny
BLUE,bluebird bio
OPRA,Opera
TILE,Interface
SLGC,SomaLogic
HBNC,Horizon Bancorp
BASE,Couchbase
TIGR,UP
SRRK,SRH
PSTX,Poseida Therapeutics
PTSI,PTS
KVSC,Khosla
TRST,TrustCo
PGC,Peapack-Gladstone Financial
SCWX,SecureWorks
ACQR,Independence
RDFN,Redfin
MLTX,MoonLake
FLWS,1-800-FLOWERS.COM
LCA,LHI
HA,Hawaiian Holdings
KE,Kimball Electronics
EDIT,Editas Medicine
WRLD,World Acceptance
PAHC,PAH
AMOT,AMT
IMTX,Immatics
CFB,CrossFirst Bankshares
ABST,Absolute Software
CSWC,Capital Southwest
HIFS,Hingham
TRVG,trivago
TNGX,Tango Therapeutics
CCD,Calamos
CATC,Cambridge
CHUY,Chuy's Holdings
RXT,Rackspace Technology
ALLK,Allakos
RMGC,RMG
TRNS,Transcat
GDYN,GDH
MYPS,PLAYSTUDIOS
AUDC,AudioCodes
DOYU,DouYu
SPRY,ARS Pharmaceuticals
CAC,Camden National
SIBN,SI-BONE
EBIX,Ebix
ZYME,Zymeworks
ZYXI,Zynex
TWOU,2U
ARDX,Ardelyx
HSII,H&SI
FFIC,Flushing Financial
SGHT,Sight Sciences
MSBI,MSB
TRMR,Tremor
HBT,HBT Financial
SNDL,SNDL
EOLS,Evolus
ARTNA,Artesian Resources
RUTH,RHG
MXCT,MaxCyte
FNKO,Funko
MTLS,Materialise
LANDM,Gladstone Land
BAND,Bandwidth
RBBN,Ribbon Communications
LBC,Luther Burbank
LIND,LEH
ERAS,Erasca
AMRS,Amyris
AVTE,Aerovate Therapeutics
VAQC,Vector Acquisition
CSII,Cardiovascular Systems
ZING,FTAC
CVGW,Calavo Growers
NTGR,NETGEAR
CMBM,Cambium Networks
DWAC,Digital
DHIL,DHIG
NRIX,Nurix Therapeutics
RGP,Resources Connection
SGMO,Sangamo Therapeutics
KRUS,KSU
DXPE,DXP Enterprises
VORB,VOH
CCB,Coastal Financial
OSPN,OneSpan
LASR,nLIGHT
MULN,Mullen Automotive
CAN,Canaan
TPIC,TPI Composites
CERS,Cerus
ETNB,89bio
SLDP,Solid Power
CCBG,Capital
TIPT,Tiptree
VINP,Vinci
SOHU,Sohu.com
AROW,Arrow Financial
SIGA,SIGA Technologies
ANZU,Anzu
HOLO,MicroCloud Hologram
BFST,BFB
HMST,HomeStreet
IMAB,I-MAB
DGNU,Dragoneer
SRNE,Sorrento Therapeutics
HLVX,HilleVax
SMBC,SMB
BNGO,Bionano Genomics
MBWM,Mercantile Bank
VTNR,Vertex
LQDT,Liquidity Services
TBCP,TBCPI
VALU,Value Line
EGHT,8x8
FMNB,Farmers
FRPH,FRP Holdings
FARO,FARO Technologies
QTRX,Quanterix
CLOV,Clover
ARCT,ATH
FCBC,FCB
RPTX,Repare Therapeutics
CTAQ,Carney
INGN,Inogen
THFF,First Financial
DDI,DoubleDown
SNRH,Senior
GRRR,GTG
TCVA,TCV
CALT,Calliditas
EZPW,EZCORP
DGICB,Donegal Group
EVER,EverQuote
FATE,Fate Therapeutics
ANGO,AngioDynamics
ZFOX,ZeroFox Holdings
GTX,Garrett Motion
OABI,OmniAb
RWAY,Runway
CRMT,America's
PROC,Procaps
HYZN,Hyzon Motors
MOFG,MidWestOne
PRPL,Purple Innovation
MCFT,MBH
GHRS,GH
COOL,Corner
PLCE,Children's Place
CMPX,Compass Therapeutics
TSVT,2seventy bio
ESPR,Esperion Therapeutics
LGST,SPA
ZUMZ,Zumiez
DGICA,Donegal Group
AMSWA,American Software
MCBS,MetroCity Bankshares
CCNE,CNB Financial
RMR,TRG
FDUS,Fidus Investment
MESO,Mesoblast
SENEB,Seneca
SWBI,S&WB
TBLD,Thornburg
CNSL,CCH
MVST,Microvast Holdings
GEVO,Gevo
VECT,VectivBio
LILM,Lilium
TETC,TAET
NAAC,NAA
VERU,Veru
LEGH,Legacy Housing
MPB,Mid
DOMO,Domo
FFIE,FFIE
FEAM,5AM
CECO,CECO
DSGN,Design Therapeutics
SFIX,Stitch Fix
API,Agora
BLBD,Blue Bird
BMRC,Bank
BZUN,Baozun
NSTG,NanoString Technologies
APEN,Apollo Endosurgery
FSBC,Five
ZEUS,Olympic Steel
ATRO,Astronics
CYXT,Cyxtera Technologies
SPFI,SPF
ABUS,Arbutus Biopharma
IBCP,Independent Bank
AVDL,Avadel
SENEA,Seneca
KZR,KLS
POWL,Powell Industries
DXLG,DXG
ATRA,Atara Biotherapeutics
BELFB,Bel Fuse
PHAT,Phathom Pharmaceuticals
BELFA,Bel Fuse
IBEX,IBEX
TRIN,Trinity Capital
NNOX,NANO-X
CMAX,CareMax
CMPS,COMPASS
SWIM,Latham Group
SKYT,SkyWater Technology
NKTR,Nektar
RDIB,Reading
PGY,Pagaya
TREE,LendingTree
EQBK,Equity Bancshares
TSP,TuSimple Holdings
ANIK,Anika Therapeutics
CCAP,CCB
HCVI,Hennessy
CPAR,Catalyst
SSTI,ShotSpotter
METC,Ramaco Resources
SMBK,SmartFinancial
THRX,Theseus Pharmaceuticals
ATLC,Atlanticus Holdings
ITRN,Ituran
DCRD,DPA
RSVR,Reservoir Media
TWLV,Twelve
NEWT,NewtekOne
ONEW,OneWater Marine
GAIN,Gladstone Investment
IVCB,Investcorp
CPAA,Conyers
IRMD,iRadimed
BWB,Bridgewater Bancshares
HDSN,Hudson Technologies
LQDA,Liquidia
MITK,Mitek Systems
CGEM,Cullinan Oncology
PETS,PetMed Express
BBCP,CPH
SCOB,ScION
DHHC,DiamondHead
LEGA,Lead
TIOA,Tio
RMNI,Rimini Street
PTOC,Pine
HROW,Harrow Health
GLDD,GLD&D
ACAH,Atlantic
FMIV,FMI
NIU,Niu
STRO,Sutro Biopharma
ZT,Zimmer
SLAC,Social
VNDA,Vanda Pharmaceuticals
LOCO,EPLH
EGRX,Eagle Pharmaceuticals
BRLT,BEG
DMRC,Digimarc
THCH,TH
LITT,Logistics
EBTC,Enterprise
TARS,Tarsus Pharmaceuticals
NGM,NGM Biopharmaceuticals
BCSA,Blockchain
MDXG,MiMedx
DTOC,Digital
BYTS,BYTE
INO,Inovio Pharmaceuticals
CRESY,Cresud
CRBU,Caribou Biosciences
LXRX,Lexicon Pharmaceuticals
IGIC,International
MVIS,MicroVision
PLPC,Preformed
GOEV,Canoo
TERN,Terns Pharmaceuticals
IPAX,Inflection
GATE,Marblegate
CDXS,Codexis
FLIC,FOLI
WISH,ContextLogic
FANH,Fanhua
PFDR,Pathfinder Acquisition
KOD,Kodiak
CPSI,CPAS
EVLV,ETH
CMTL,Comtech
TRDA,Entrada Therapeutics
PEPG,PepGen
KVSA,Khosla
AXGN,Axogen
HTBI,HomeTrust Bancshares
CVLG,CLG
AKYA,Akoya BioSciences
BOOM,DMC Global
EVGO,EVgo
PLMI,Plum
GSRM,GSR
HCMA,HCM
CHW,Calamos
DJCO,Daily
SDAC,Sustainable
ALRS,Alerus Financial
CNCE,Concert Pharmaceuticals
PMTS,CCG
ICVX,Icosavax
HCNE,Jaws
GCBC,GCB
BIRD,Allbirds
WVE,Wave
INSE,Inspired Entertainment
ENTF,Enterprise
LYTS,LSI Industries
BRKH,BurTech
AGGR,Agile
LOVE,The
DHCA,DHC
EDAP,EDAP
RGC,Regencell
ATXS,Astria Therapeutics
GNTY,Guaranty Bancshares
BBBY,BB&B
CARE,Carter Bankshares
GPAC,Global
VIGL,Vigil Neuroscience
FMAO,F&MB
KRNL,KGH
FSRX,FinServ
PPYA,Papaya
AHRN,Ahren
DZSI,DZS
ACAB,Atlantic
PFHD,Professional
ALXO,AOH
HEPS,D-Market
SCWO,374Water
SCPL,SciPlay
OMGA,Omega Therapeutics
RBB,RBB
GXII,GX
LGO,Largo
VAXX,Vaxxinity
ALVR,AlloVir
WSBF,Waterstone Financial
AVIR,Atea Pharmaceuticals
HUT,Hut
PMVP,PMV Pharmaceuticals
PWUP,PowerUp
OSUR,OraSure Technologies
CCCC,C4 Therapeutics
MGNX,MacroGenics
SRDX,Surmodics
AURA,Aura Biosciences
AMNB,ANB
CNTA,Centessa
HORI,Emerging
STOK,Stoke Therapeutics
IRON,Disc Medicine
CIIG,CCPI
CTLP,Cantaloupe
IPVI,IIIP
FISI,Financial Institutions
LGTO,Legato
WTBA,West
FLJ,FLJ
APTM,Alpha
RXST,RxSight
TCX,Tucows
PFIS,Peoples
XPDB,Power
SPKB,Silver
LCAA,L
GAMC,Golden
ASTS,AST SpaceMobile
ARRW,Arrowroot
KPTI,Karyopharm Therapeutics
WLFC,WLF
CSTR,CFH
LGVC,LAMF
PRTS,CarParts.com
MMAT,Meta Materials
ESQ,EFH
JMSB,JMB
ESAC,ESGEN Acquisition
ALDX,Aldeyra Therapeutics
CZNC,Citizens
RRBI,RRB
PNTG,TPG
GLAD,Gladstone Capital
ALPN,AIS
VSTA,Vasta
FHTX,Foghorn Therapeutics
FWAC,Fifth
TMKR,Tastemaker
AVNW,Aviat Networks
ANNX,Annexon
CLAR,Clarus
MCBC,Macatawa Bank
IRAA,Iris
VOR,Vor Biopharma
NWPX,Northwest
SMTI,Sanara MedTech
AURC,Aurora
MGTX,MeiraGTx
NVEC,NVE
NVSA,New
VYGR,Voyager Therapeutics
ADER,26
EAC,Edify
JUGG,JJA
BLEU,bleuacacia
DISA,Disruptive Acquisition
EMLD,FTAC
GAMB,Gambling.com
FTAA,FTAC
SPWH,SWH
FTPA,FTAC
PMGM,Priveterra
PRLD,Prelude Therapeutics
SHBI,Shore
LVRA,Levere
HLTH,Cue Health
NCAC,Newcourt
ONYX,Onyx
PGEN,Precigen
GRVY,GRAVITY
NBN,Northeast
NCACU,Newcourt
WKHS,Workhorse Group
SIFY,Sify
BWMN,Bowman
CIVB,Civista Bancshares
SPCM,Sound
IOAC,Innovative
GTHX,G1 Therapeutics
IVCA,Investcorp
PUCK,Goal
GLUE,MRT
GBIO,Generation
VLGEA,VSM
RAIN,Rain Oncology
LFAC,LF
TYRA,Tyra Biosciences
EGIO,Edgio
PEGR,Project
TOUR,Tuniu
EM,Smart
RIGL,Rigel Pharmaceuticals
MHLD,Maiden
BNR,Burning
VUZI,Vuzix
PETQ,PetIQ
ORGO,Organogenesis Holdings
LUNG,Pulmonx
GGAA,Genesis
GLRE,Greenlight
NN,NextNav
TLS,Telos
PFTA,PFA
GFGD,TGFGA
RELL,Richardson
BLFY,Blue
RDVT,Red Violet
VPCB,VPC
AUTL,Autolus
CPZ,Calamos
PHVS,Pharvaris
FNLC,First
BSRR,Sierra
UTMD,UMP
DNAB,Social
FIP,FTAI Infrastructure
DNAD,Social
GWRS,GWR
NGMS,NeoGames
CLIN,Clean
SFST,SFB
NPAB,New
SLNA,Selina
HBCP,Home Bancorp
MHUA,Meihua
RCLF,Rosecliff
PIII,PHP
SMMF,SFG
SATL,Satellogic
KNTE,Kinnate Biopharma
AFCG,AFC Gamma
SILC,Silicom
JGGC,JGG
GILT,Gilat
CABA,Cabaletta Bio
DFLI,Dragonfly
SCAQ,Stratim
SLVR,SilverSPAC
ACB,Aurora Cannabis
GPP,Green
SVRA,Savara
FLL,FHR
SVII,Spring
SBT,Sterling Bancorp
AADI,Aadi Bioscience
CZFS,CFS
HWEL,Healthwell
PRTH,PTH
CBNK,Capital Bancorp
HRZN,HTF
UONE,Urban One
VMD,Viemed Healthcare
ACNB,ACNB
CIFR,Cipher Mining
ADAL,Anthemis
ATAI,ATAI
QSI,Quantum-Si
TIG,TIG
WHF,WhiteHorse Finance
BLDE,BAM
SEER,Seer
EGAN,eGain
CNGL,Canna-Global
NRAC,NRA
CASA,Casa Systems
AIRS,AirSculpt Technologies
HRTX,Heron Therapeutics
ACRV,Acrivon Therapeutics
BCBP,BCB Bancorp
LVOX,LiveVox Holdings
OPRX,OptimizeRx
RANI,RTH
AFRI,Forafric
THCP,TBCPI
TOAC,Talon
BIOS,BioPlus
WW,WW International
LUNA,Luna Innovations
BWMX,Betterware
MEKA,MELI
BZFD,BuzzFeed
BTWN,Bridgetown
MCAA,Mountain
ADAP,Adaptimmune
NRIM,Northrim
PLAO,Patria
CITE,Cartica
SVFB,SVF
ITIC,Investors
FRON,Frontier
KRT,Karat Packaging
CMCA,Capitalworks
USCT,TKB
TLGY,TLGY Acquisition
SVNA,7 Acquisition
KAII,Kismet
RENE,Cartesian Growth
DPCS,DP
SMMT,Summit Therapeutics
CBRG,Chain
BPAC,Bullpen
MPRA,MPA
XFIN,ExcelFin
TUSK,MES
FIAC,Focus
UTAA,UTA Acquisition
AEAE,AltEnergy
NATH,Nathan's Famous
VMGA,VMG
TROO,TROOPS
CVRX,CVRx
FRST,Primis
OCUL,Ocular Therapeutix
BIOT,Biotech
IXAQ,IX
WWAC,Worldwide
VII,7&CH
LDHA,LDH
ITQ,Itiquira
CPLP,Capital
FTCI,FTC Solar
VLAT,Valor
FOSL,Fossil Group
DSKE,Daseke
TGAN,Transphorm
LE,Lands' End
MASS,908 Devices
OGI,Organigram Holdings
KALV,KalVista Pharmaceuticals
IVCP,Swiftmerge
VMCA,Valuence
PBFS,Pioneer Bancorp
ABSI,Absci
ARBG,Aequi
SY,So-Young International
DRTS,Alpha
RLYB,Rallybio
NODK,NI Holdings
LIAN,LianBio
UEIC,Universal Electronics
SOUN,SoundHound
OTLK,Outlook Therapeutics
FBIZ,FBFS
HIVE,Hive
MRNS,Marinus Pharmaceuticals
FRSG,First
SOND,Sonder Holdings
SKYA,Skydeck
NDLS,Noodles
NWFL,Norwood
IPHA,Innate
HAIA,Healthcare
TGAA,Target
KLTR,Kaltura
XPAX,XPAC
HNRG,Hallador
CREC,Crescera
ROC,ROC
UNTY,Unity Bancorp
TSBK,Timberland Bancorp
OBT,OCB
REFI,CAREF
SKYX,SKYX
VCXA,10X
SAMG,SAMG
GRPN,Groupon
CNTY,Century Casinos
RIDE,Lordstown
PROF,Profound
PCB,PCB
BKCC,BCI
POWW,AMMO
PDSB,PDS Biotechnology
IPSC,Century Therapeutics
VERI,Veritone
SKGR,SGO
CDAQ,Compass
AVAC,Avalon Acquisition
MLEC,Moolec
IQMDU,Intelligent
GRWG,GrowGeneration
IQMD,Intelligent
UPLD,Upland Software
HUMA,Humacyte
ARBE,Arbe
HQI,HireQuest
BMEA,Biomea Fusion
ENER,Accretion
CTRN,Citi Trends
MVBF,MVB
SELB,Selecta Biosciences
OCGN,Ocugen
JYNT,The
YI,111
PANL,Pangaea
FDBC,FD&DB
ARQQ,Arqit Quantum
FSBW,FS Bancorp
WEYS,Weyco Group
BCOV,Brightcove
KBAL,Kimball International
SMIH,Summit
GRIN,Grindrod
MPAA,MPOA
GEEX,Games
APAC,StoneBridge Acquisition
GVCI,Green
MLAI,McLaren
IVVD,Invivyd
ASCB,A
DBVT,DBV
IVA,Inventiva
ATAK,Aurora
VHNA,Vahanna
GTAC,Global
GTACU,Global
CRZN,Corazon
OB,Outbrain
PRLH,Pearl
ARTE,ASI
DALS,DA32
FCUV,Focus Universal
FENC,Fennec Pharmaceuticals
TRUE,TrueCar
MYFW,FWF
VERA,Vera Therapeutics
FVCB,FVCBankcorp
HNST,THC
OPT,Opthea
LSAK,Lesaka Technologies
CVCY,Central
FUND,SFT
ORRF,Orrstown
LSEA,Landsea Homes
BSVN,Bank7
TBSA,TB
FRBA,First
TCMD,TST
CISO,CCS
HPLT,HPA
ORIA,Orion
ARVL,Arrival
FICV,Frontier
ILPT,Industrial
GRTS,Gritstone bio
TCBX,TCB
BWC,Blue
UROY,Uranium
PRCH,Porch Group
AXTI,AXT
SSBK,SSB
NKTX,Nkarta
GLSI,Greenwich LifeSciences
III,ISG
RENT,RTR
NHIC,NewHold
PDLB,PFG
NVAC,NorthView Acquisition
BCML,BayCom
BYNO,byNordic Acquisition
CVGI,CVG
AVAH,AHH
CGNT,Cognyte
BOCN,Blue
APLD,Applied Digital
PKBK,Parke Bancorp
SMLR,Semler Scientific
NECB,NCB
MOLN,Molecular
CSLM,Consilium
ALTO,Alto Ingredients
VLDR,Velodyne Lidar
USCB,UFH
PFMT,Performant Financial
REAX,TRB
SWKH,SWK Holdings
WLDN,Willdan Group
NAUT,Nautilus Biotechnolgy
XOMA,XOMA
STKS,TOGH
BLZE,Backblaze
ABOS,Acumen Pharmaceuticals
XXII,2CG
PBAX,Phoenix
VOXX,VOXX International
CDZI,CADIZ
PANA,Panacea
CFFS,CF
FGBI,FGB
BWFG,BFG
NKSH,National Bankshares
CLPT,ClearPoint Neuro
GCT,GigaCloud
APPH,AppHarvest
UONEK,Urban One
DIBS,1stdibs.com
LMNR,Limoneira
IMMR,Immersion
TMC,TTMC
ALOR,AOA
PLBC,Plumas
CELC,Celcuity
CHMG,Chemung
APEI,APE
BITF,Bitfarms
ORIC,Oric Pharmaceuticals
HOFT,Hooker Furnishings
TELA,TELA Bio
SWSS,Springwater
HMPT,Home
EAR,Eargo
TPBA,TPB Acquisition
CVLY,Codorus
ZIMV,ZimVie
ARAY,Accuray
INBK,First
PPTA,Perpetua
GOSS,Gossamer Bio
OXUS,Oxus
TCFC,TCF
PBPB,Potbelly
CENQ,CENAQ
RGCO,RGC Resources
CBAN,Colony Bankcorp
ALPS,ASEP
SZZL,Sizzle
MEAC,SEP
FNVT,Finnovate
TWCB,Bilander
GBBK,Global
CWCO,Consolidated
LMDX,LumiraDx
HFFG,HFG
APXI,APx
CAAS,CAS
BRIV,B.
ITAQ,ITAI
THRN,Thorne Healthtech
KSI,KSI
BYRN,Byrna Technologies
PCYO,Pure Cycle
PTMN,PRF
TBNK,Territorial Bancorp
TTSH,TSH
RCEL,Avita Medical
DLTH,Duluth Holdings
BGRY,Berkshire Grey
ATLO,Ames National
VBNK,VersaBank
RNER,Mount
PEPL,PHA
WNEB,WNEB
BGFV,B5SG
RCKY,Rocky Brands
ESSA,ESSA Bancorp
PRAX,PPM
MTRX,Matrix
ANTX,AN2 Therapeutics
MNSB,MainStreet Bancshares
CONN,Conn's
OPRT,Oportun Financial
ISTR,Investar Holding
COFS,CFS
WILC,G.
FRGI,FRG
PBYI,Puma
SAMA,Schultze
RCAC,Revelstone
POET,POET Technologies
LFCR,Lifecore Biomedical
CSTE,Caesarstone
OPAL,OPAL Fuels
AACI,Armada
KNDI,Kandi
GNFT,GENFIT
BPRN,Princeton Bancorp
QIPT,Quipt
CFFI,C&F Financial
ASUR,Asure
ROSE,RHA
KMDA,Kamada
LCNB,LCNB
DCFC,Tritium
OLMA,Olema Pharmaceuticals
OVLY,Oak
VRCA,Verrica Pharmaceuticals
JAQC,Jupiter Acquisition
ALCO,Alico
AGIL,AgileThought
JAKK,JAKKS Pacific
CLSK,CleanSpark
SCMA,Seaport
AKTS,Akoustis Technologies
IXHL,Incannex
YMAB,Y-mAbs Therapeutics
PRQR,ProQR
TNYA,Tenaya Therapeutics
EHTH,eHealth
ACIU,AC
ASRT,Assertio Holdings
CCLP,CSI
BNNR,Banner
ATCX,ATC
CLOE,Clover
SCPH,scPharmaceuticals
CDLX,Cardlytics
CALB,California
XAIR,Beyond Air
ABGI,ABG
OMIC,SGS
ARYD,ARYA
BLNG,Belong
VABK,VNB
ALPA,Alpha
ARYE,ARYA
PWOD,PWB
LMST,Limestone Bancorp
AIP,Arteris
KVHI,KVH Industries
OPTN,OptiNose
SGC,SGOC
ACTG,Acacia Research
OCAX,OCA
URGN,UroGen
UCL,uCloudlink Group
MITA,Coliseum
CCAI,Cascadia
CPTN,Cepton
CPSS,CPS
MLAC,Malacca
VWE,VWE
AMCI,AMCI
SOPH,SOPHiA
APMI,AIA
NATR,NSP
LRMR,Larimar Therapeutics
JWAC,Jupiter
ERES,East
PEBK,PBONC
CTMX,CytomX Therapeutics
MFIN,Medallion
KLXE,KESH
BDSX,Biodesix
PYR,PyroGenesis Canada
MRBK,Meridian
PRE,Prenetics
HURC,Hurco Companies
CRGE,Charge Enterprises
SGII,Seaport
KMPH,KemPharm
CTXR,Citius Pharmaceuticals
DMTK,DermTech
CRNT,Ceragon
STRS,Stratus Properties
MURF,Murphy
BEEM,Beam
AFMD,Affimed
BCAB,BioAtla
IMMP,Immutep
MRCC,Monroe Capital
PNRG,PrimeEnergy Resources
INVE,Identiv
FNGR,FingerMotion
LCUT,Lifetime Brands
MBCN,Middlefield
PAYS,Paysign
ACET,Adicet Bio
IVAC,Intevac
DHC,Diversified
JFIN,Jiayin Group
TKNO,Alpha Teknova
THRD,THB
SMSI,SMS
CRMD,CorMedix
OPBK,OP
VIEW,View
FREQ,Frequency Therapeutics
INCR,Intercure
OVID,Ovid Therapeutics
MEOA,MEOA
TOP,TOP
BIVI,BioVie
OXSQ,Oxford
TDUP,ThredUp
DMAQ,Deep
NOTV,Inotiv
ESCA,Escalade
KRMD,KMS
LATG,LatAmGrowth
NBST,NSA
WPRT,Westport
HYW,Hywin
ALYA,Alithya Group
WMPN,William
MICT,MICT
FXCO,Financial
LTRX,Lantronix
XERS,XBH
EBAC,European
BSET,BFI
BVS,Bioventus
VRA,Vera Bradley
QMCO,Quantum
TRHC,TRH
SPOK,Spok Holdings
TCRT,Alaunos Therapeutics
ASTR,Astra Space
GLYC,GlycoMimetics
CAMP,CalAmp
FRBN,Forbion
FREE,WEB
LINC,LES
CCTS,Cactus
HWBK,Hawthorn Bancshares
PTRS,Partners
ADTH,AHC
PKOH,Park-Ohio
RMBI,RMB
GRNA,GreenLight
NUBI,Nubia
SEVN,Seven
CLMB,CGS
CENN,Cenntro
FCCO,First Community
PEAR,Pear Therapeutics
LAB,Standard BioTools
PONO,Pono
KITT,Nauticus Robotics
STIM,Neuronetics
DKDCA,Data
SAL,Salisbury Bancorp
DAKT,Daktronics
OMER,Omeros
DLHC,DLH
AGFS,AgroFresh Solutions
ATOM,Atomera
WULF,TeraWulf
FNCB,FNCB Bancorp
RDCM,Radcom
SAGA,Sagaliam
EYPT,EyePoint Pharmaceuticals
FNWD,Finward
TETE,T&TA
DRIO,DarioHealth
CMRX,Chimerix
ENCP,Energem
FTII,FutureTech
SNFCA,SNF
NBTX,Nanobiotix
LION,Lionheart
SMAP,SportsMap
PTWO,PCT
EVGR,Evergreen
LIBY,Liberty
AMSC,American Superconductor
KYCH,Keyarch Acquisition
STTK,Shattuck Labs
BMAQ,Blockchain
PRST,Presto Automation
RVSB,Riverview
RGF,TRGFC
OXAC,Oxbridge
FNWB,First
GGE,Green Giant
MACK,Merrimack Pharmaceuticals
ROCG,Roth
STBX,Starbox
GMFI,Aetherium
WAVS,Western
GLLI,Globalink Investment
PFSW,PFSweb
RWOD,Redwoods
ALSA,ASA
ATHA,Athira Pharma
BSBK,Bogota
ROCL,Roth
PLBY,PLBY Group
MACA,Moringa
HEAR,Turtle Beach
IKNA,Ikena Oncology
FATP,Fat
INMB,INmune Bio
MSSA,MSSA
AFAR,Aura
VBIV,VBI Vaccines
FEXD,Fintech
ISSC,ISAS
BBIG,Vinco Ventures
REAL,The RealReal
FUSN,Fusion Pharmaceuticals
WINV,WinVest
YOTA,Yotta Acquisition
ADSE,ADS-TEC
GNUS,GBI
LVAC,LAVA
RFAC,RF
EFHT,EHA
TGVC,TG
SRTS,Sensus Healthcare
GRCL,Gracell Biotechnologies
AGBA,AGBA
CUE,Cue Biopharma
SGA,Saga Communications
GNLX,Genelux
FRAF,FFS
CDRO,Codere
ITI,Iteris
ECBK,ECB Bancorp
INTE,Integral Acquisition
YELL,Yellow
AMTX,Aemetis
DRRX,DURECT
HNVR,Hanover Bancorp
ZTEK,Zentek
CELU,Celularity
CDXC,ChromaDex
SLDB,Solid Biosciences
FRBK,RFB
UXIN,Uxin
NEON,Neonode
PVBC,Provident Bancorp
TRVI,Trevi Therapeutics
VXRT,Vaxart
ASYS,Amtech Systems
REVE,Alpine Acquisition
XOS,Xos
CLLS,Cellectis
NYXH,Nyxoah
ESEA,Euroseas
FCRD,FEACB
BLI,Berkeley Lights
TWIN,Twin Disc
LTCH,Latch
XNET,Xunlei
FSFG,FSFG
SHUA,SHUAA
YTRA,Yatra Online
JMAC,Maxpro
RMBL,RumbleOn
WGS,GeneDx
AOUT,AOB
AEHA,Aesther
MRAM,Everspin Technologies
RRGB,RRGB
PRPH,ProPhase Labs
GSD,GSD
OIIM,O2Micro
XBIT,XBiotech
CHEK,Check-Cap
BRAC,Broad
OTEC,OceanTech
AOGO,Arogo
EPSN,Epsilon
KRON,Kronos Bio
EML,Eastern
JOAN,JOANN
ALLT,Allot
VSAC,Vision
FFNW,FFN
MOBV,Mobiv
EBMT,EBM
OFS,OFS Capital
ANIX,Anixa Biosciences
OFED,Oconee
CZWI,CCB
CPHC,CPH
FRLA,FRA
LAZY,Lazydays Holdings
UBFO,United
VSTM,Verastem
IGTA,Inception
LEE,Lee Enterprises
CFBK,CF Bankshares
FLFV,FLA
MLVF,Malvern Bancorp
GNSS,Genasys
RVLP,RVL
FSTR,L.B.
AVHI,Achari
AKBA,Akebia Therapeutics
LMB,Limbach Holdings
BANX,ArrowMark
BFIN,BankFinancial
RCMT,RCM Technologies
VRM,Vroom
DTIL,Precision BioSciences
LIVB,LIV
RLMD,Relmada Therapeutics
CWBC,Community
FUNC,First United
LNKB,LINKBANCORP
GOCO,GoHealth
QRHC,QRH
MNMD,MM(
GLST,GSA
HOWL,Werewolf Therapeutics
MMLP,Martin
XLO,Xilio Therapeutics
BCAN,BCE
ALTU,Altitude
EGLX,EGH
SESN,Sesen Bio
YJ,Yunji
MREO,Mereo
OVBC,Ohio
XFOR,X4 Pharmaceuticals
TRON,Corner
CMLS,Cumulus Media
MIST,Milestone Pharmaceuticals
BWAQ,BWA
SLGL,Sol-Gel
WIMI,WHC
IMRX,Immuneering
MNOV,Medicinova
REE,REE
FONR,Fonar
PET,Wag!
TALK,Talkspace
CMCT,CM&CT
UNB,Union Bankshares
PIRS,Pieris Pharmaceuticals
HBIO,Harvard Bioscience
STIX,Semantix
SPPI,Spectrum
LOOP,Loop Industries
INSG,Inseego
HSAQ,HSA
NTIC,NTI
MLGO,MicroAlgo
AREC,American Resources
SSSS,SuRo
MCAC,MCA
FLNT,Fluent
MSAC,Medicus
AIB,AIB Acquisition
CLGN,CollPlant
IREN,Iris
EVLO,Evelo Biosciences
TSHA,TGT
RNLX,Renalytix
GENQ,Genesis
HITI,High Tide
BTBT,Bit Digital
OPOF,OPF
SBFG,SFG
SCTL,Societal CDMO
PLSE,Pulse
BCTX,BriaCell
DARE,Dare Bioscience
GMGI,GMG
LARK,Landmark Bancorp
PCYG,PCG
GMDA,Gamida
DUET,DUET
PRTK,Paratek Pharmaceuticals
FINW,FinWise
ACAX,Alset
ALPP,A4H
FAT,FAT Brands
PBHC,Pathfinder Bancorp
SMID,Smith-Midland
LVLU,LFLH
VERY,Vericity
IMRA,IMARA
GRPH,Graphite Bio
MDXH,MDxHealth
DECA,Denali
JZ,Jianzhi
KOPN,Kopin
IDEX,Ideanomics
ACAC,ACA
GDNR,Gardiner
VACC,Vaccitech
ACNT,Ascent
CTRM,Castor Maritime
PIXY,ShiftPixy
PXLW,Pixelworks
SCOR,comScore
CBFV,CFS
TSAT,Telesat
MAPS,WM Technology
CTG,CTG
VBOC,Viscogliosi
CLNN,Clene
MESA,MAG
LIVE,Live Ventures
AKLI,Akili
NVCT,Nuvectis Pharma
SSBI,Summit
BHAC,Crixus
BDTX,BDT
BWEN,Broadwind
STRM,SHS
DAVE,Dave
KACL,Kairous
VOXR,Vox
PHUN,Phunware
FXNC,First National
TOI,TOI
IPA,ImmunoPrecise
GTH,Genetron
ONCY,Oncolytics Biotech
BRID,Bridgford Foods
CAPR,Capricor Therapeutics
PXS,Pyxis Tankers
OPNT,Opiant Pharmaceuticals
SFBC,SFB
EOSE,EEE
GNTA,Genenta
ATER,Aterian
RBKB,Rhinebeck Bancorp
IDBA,IDEX
PRDS,Pardes Biosciences
APYX,Apyx Medical
IFRX,InflaRx
LAKE,Lakeland Industries
FGMC,FG
AQMS,Aqua Metals
PRSR,Prospector
TAST,CRG
ATOS,Atossa Therapeutics
ARAV,Aravive
PSNL,Personalis
LKCO,Luokung
FORA,Forian
ALOT,AstroNova
VIA,Via Renewables
CFFE,CF
PROV,PFH
WTMA,Welsbach
GASS,StealthGas
STRT,STRATTEC
CLRC,ClimateRock
CTSO,Cytosorbents
CBAT,CET
ATY,AcuityAds Holdings
CIDM,Cinedigm
LIDR,AEye
HOUR,Hour Loop
VIOT,Viomi
TIL,Instil Bio
MYNZ,Mainz
EMCG,Embrace
QUBT,Quantum Computing
RGTI,Rigetti Computing
AFBI,Affinity Bancshares
PWFL,PowerFleet
SJ,Scienjoy Holding
FBIO,Fortress Biotech
FLXS,Flexsteel Industries
CURI,CuriosityStream
HMNF,HMN Financial
INOD,Innodata
BNIX,Bannix
CMPO,CompoSecure
ELYM,Eliem
CGO,Calamos
SPRO,Spero Therapeutics
FARM,Farmer
CPAQ,CPA
PETZ,TDH Holdings
ASPS,Altisource
HGBL,Heritage Global
ANPC,AnPac
TMDI,Titan Medical
LBPH,Longboard Pharmaceuticals
LGVN,Longeveron
MYNA,Mynaric
FATBB,FAT Brands
LTRPA,LTH
ATNF,180
SOTK,Sono-Tek
LBBB,Lakeshore
PPHP,PHP
SEV,Sono
SEEL,Seelos Therapeutics
DTRT,DTRT
NNBR,NN
SANG,Sangoma Technologies
KPLT,Katapult Holdings
WRAP,Wrap Technologies
ARBK,Argo
ETON,Eton Pharmaceuticals
EMBK,Embark Technology
EPOW,Sunrise
PRTG,Portage Biotech
NPCE,Neuropace
HMAC,Hainan
SHIP,Seanergy
MCAG,Mountain
IMAQ,International
MAQC,MCA
BKSC,Bank
IMUX,Immunic
ARIZ,Arisz
MKUL,Molekule Group
FTHM,Fathom Holdings
INTG,Intergroup
GAN,GAN
GWII,Good
REKR,Rekor Systems
ASCA,A
LVTX,LAVA
STRC,STAR
MAYS,JWM
JG,Aurora
IPX,IperionX
MGYR,Magyar Bancorp
YQ,1E&TG
ATMC,AlphaTime
THTX,Theratechnologies
FIXX,Homology Medicines
TANH,Tantech
CULL,Cullman Bancorp
CODX,Co-Diagnostics
CDTX,Cidara Therapeutics
FCAP,First Capital
VFF,VFI
LYRA,Lyra Therapeutics
CODA,COG
BYFC,Broadway Financial
SYRS,Syros Pharmaceuticals
PCTI,PCTEL
SND,Smart Sand
PNAC,Prime
AKU,Akumin
PCCT,Perception
HHS,Harte-Hanks
CIH,China
BRAG,BGG
AUBN,ANB
VBFC,Village
LWAY,Lifeway Foods
BGXX,Bright Green
ACHV,ALS
PPIH,PIH
INZY,Inozyme Pharma
OSA,ProSomnus
ADAG,Adagene
UBCP,United Bancorp
ANEB,Anebulo Pharmaceuticals
MCHX,Marchex
UIHC,United
TENK,TenX
MTAC,MedTech Acquisition
ONDS,Ondas Holdings
SFR,Appreciate Holdings
IMPL,Impel Pharmaceuticals
NRXP,NRX Pharmaceuticals
PASG,Passage Bio
SLNG,Stabilis Solutions
ASMB,Assembly Biosciences
KXIN,Kaixin
SURG,SurgePays
GP,GMC
BWAC,Better
ELBM,EBM
SNTI,Senti Biosciences
FSTX,F-star Therapeutics
FLUX,FPH
MNTX,Manitex International
WFCF,WFCF
VTVT,vTv Therapeutics
ALGS,Aligos Therapeutics
CLSD,Clearside Biomedical
MDWD,MediWound
KA,Kineta
HYFM,HHG
GIFI,GIF
VIRX,Viracta Therapeutics
LIFW,MSP Recovery
BSGA,Blue
KINZ,KTG
IOBT,IO Biotech
GBRG,Goldenbridge
EPIX,ESSA Pharma
QUIK,QuickLogic
HUDI,Huadi
STCN,Steel Connect
CVV,CVD Equipment
VIRC,Virco Manufacturing
BYSI,BeyondSpring
GDST,Goldenstone
MMV,MultiMetaVerse
ORMP,Oramed Pharmaceuticals
ASPA,ABRI
MCAF,Mountain
DBTX,Decibel Therapeutics
NVCN,Neovasc
CRDF,Cardiff Oncology
CIZN,Citizens
HOFV,Hall
MKTW,MarketWise
COSM,Cosmos Health
ORTX,Orchard
PLTN,Plutonian
RDI,Reading
FSEA,FSB
EYEN,Eyenovia
IPWR,Ideal Power
CSSE,CSFTSE
AZYO,Aziyo Biologics
TACT,TransAct Technologies
INKT,MiNK Therapeutics
AQB,AquaBounty Technologies
SNCR,Synchronoss Technologies
MBIO,Mustang Bio
NEOV,NeoVolta
NCNA,NuCana
LSBK,LSB
HNNA,Hennessy Advisors
CGEN,Compugen
NA,Nano
RZLT,Rezolute
HCWB,HCW Biologics
APCX,AppTech
AIRG,Airgain
GAIA,Gaia
ROOT,Root
INTZ,Intrusion
GSMG,Glory
ISPO,Inspirato
AXDX,Accelerate Diagnostics
HSON,Hudson Global
TCBC,TC Bancshares
GEG,GEG
CADL,Candel Therapeutics
MMMB,MamaMancini's Holdings
HUIZ,Huize
CRIS,Curis
BAFN,BayFirst
LIFE,aTyr Pharma
AQU,Aquaron
SPRB,Spruce Biosciences
SLS,SLSG
CNTB,Connect
MNTS,Momentus
WEJO,Wejo
USAP,US&AP
PFX,PhenixFIN
REFR,Research Frontiers
CLST,Catalyst Bancorp
AIRT,Air T
TLSA,Tiziana
HEXO,HEXO
ASRV,AmeriServ Financial
SYBX,Synlogic
CNEY,CEG
WATT,Energous
FFBW,FFBW
MIRO,Miromatrix Medical
GECC,Great
LPTX,Leap Therapeutics
RCAT,RCH
OSS,OSS
NMRD,Nemaura Medical
RPHM,Reneo Pharmaceuticals
DSP,Viant Technology
LOAN,Manhattan
JSPR,Jasper Therapeutics
GALT,Galectin Therapeutics
ADVM,Adverum Biotechnologies
CJJD,CJD
SDC,SmileDirectClub
BCOW,1BOW
TNXP,Tonix
APTO,Aptose Biosciences
AAOI,Applied Optoelectronics
ONCT,Oncternal Therapeutics
AWH,AWH
ACBA,Ace
TZOO,Travelzoo
ARKR,Ark
LVO,LiveOne
KSCP,Knightscope
HVBC,HV Bancorp
OCUP,Ocuphire Pharma
GBNH,Greenbrook TMS
FHLT,Future
DRTT,DIRTT
EIGR,Eiger BioPharmaceuticals
SNAL,Snail
ULBI,Ultralife
TEDU,Tarena International
ALZN,Alzamend Neuro
BCEL,Atreca
AEYE,AudioEye
GNPX,Genprex
SOLO,Electrameccanica
MYMD,MyMD Pharmaceuticals
UBX,Unity Biotechnology
GEOS,Geospace Technologies
OLIT,OmniLit
RPID,RMB
PDEX,Pro-Dex
ICCM,IceCure
AZ,A2Z
USEG,U.S.
RAM,AIA
LRFC,LRF
OMEX,OME
SANW,S&W
IMNM,Immunome
NCSM,NMH
UPTD,TradeUP
HYPR,Hyperfine
OTMO,Otonomo
FEIM,Frequency Electronics
DRCT,DDH
LFMD,LifeMD
FKWL,Franklin
VANI,Vivani Medical
SSIC,Silver
HEPA,Hepion Pharmaceuticals
RSSS,Research
WETG,WeTrade Group
BOTJ,BOTJFG
IROQ,IF Bancorp
CFSB,CFSB Bancorp
GLG,TD Holdings
ENLV,Enlivex
ICCC,ImmuCell
ADES,AES
LTRN,Lantern Pharma
SCYX,SCYNEXIS
GRTX,Galera Therapeutics
ENOB,Enochian Biosciences
TALS,Talaris Therapeutics
CGTX,Cognition Therapeutics
JNCE,Jounce Therapeutics
CYT,Cyteir Therapeutics
MOGO,Mogo
NSTS,NSTS Bancorp
MDWT,Midwest Holding
MBTC,Nocturne Acquisition
INFI,Infinity Pharmaceuticals
RAIL,FreightCar America
BCLI,BCT
LINK,Interlink Electronics
CRWS,Crown
SELF,GSS
CCLD,CareCloud
AUGX,Augmedix
SIEB,Siebert
SEED,Origin
CSBR,Champions Oncology
ICMB,ICMB
TURN,180
BOLT,Bolt Biotherapeutics
KFFB,Kentucky
ANGH,Anghami
MOVE,Movano
TAYD,Taylor Devices
JFU,9F
SRAX,SRAX
KOSS,Koss
HOOK,HOOKIPA Pharma
NAII,NAI
LIZI,LIZHI
PYXS,Pyxis Oncology
FAZE,FaZe Holdings
ICAD,iCAD
PMCB,PB
ASPI,ASP Isotopes
RWLK,ReWalk
PGRW,Progress
ICU,SMH
APLT,Applied Therapeutics
DUNE,Dune Acquisition
TBIO,Telesis Bio
OESX,OES
HFBL,HFB
TOPS,TOP Ships
OCX,Oncocyte
TCRR,TCR2 Therapeutics
UPXI,Upexi
CKPT,Checkpoint Therapeutics
GROW,UGI
NOGN,Nogin
FUSB,FUB
VTSI,VirTra
RFIL,RF
LPTH,LightPath Technologies
ORGS,Orgenesis
HHGC,HHG Capital
NHTC,Natural
JRSH,JH(
GLTO,Galecto
PESI,PES
AAME,Atlantic American
ASLN,ASLAN
ADOC,Edoc
HTOO,Fusion
MTRY,MBA
SFE,Safeguard Scientifics
SNCE,S3H
EBON,EIH
KTCC,Key Tronic
TCBS,TCB
BREZ,Breeze
UG,United-Guardian
ATXG,Addentax
JEWL,Adamas
TATT,TAT
GANX,Gain Therapeutics
INKA,KludeIn
NLSP,NLS
USIO,Usio
SPI,SPI
EVTV,Envirotech Vehicles
LFVN,Lifevantage
CSPI,CSP
PFIE,Profire Energy
INAB,IN8bio
ISO,IsoPlexis
ATLX,Atlas Lithium
DSWL,Deswell Industries
MEGL,Magic
FTEK,Fuel Tech
AIH,Aesthetic
IDN,Intellicheck
LTBR,Lightbridge
GSIT,GSI
DYAI,Dyadic International
AQST,Aquestive Therapeutics
DGHI,Digihost Technology
TXMD,TherapeuticsMD
LYLT,Loyalty Ventures
ICCH,ICC Holdings
VRAR,TGG
LYT,Lytus
BCDA,BioCardia
QLI,Qilian
AGMH,AGH
OKYO,OKYO
EMKR,EMCORE
DPRO,Draganfly
APGN,Apexigen
ACER,Acer Therapeutics
KAVL,KBIG
KEQU,Kewaunee Scientific
AFIB,Acutus Medical
MNDO,MIND
KIRK,Kirkland's
NVNO,enVVeno Medical
PMN,ProMIS Neurosciences
AGAE,AG&E
LPCN,Lipocine
ZENV,Zenvia
NICK,Nicholas Financial
KRKR,36Kr Holdings
LUCD,Lucid Diagnostics
AACG,ATA
ELDN,Eledon Pharmaceuticals
TKLF,Yoshitsu
SERA,Sera Prognostics
XGN,Exagen
HLBZ,Helbiz
SOHO,Sotherly Hotels
ACHL,Achilles
TESS,TESSCO Technologies
NXTC,NextCure
LUXH,LuxUrban Hotels
ABEO,Abeona Therapeutics
PLUR,Pluri
IPDN,PDN
CXDO,Crexendo
PAVM,PAVmed
ACXP,Acurx Pharmaceuticals
PNBK,PNB
SNSE,Sensei Biotherapeutics
CRDL,Cardiol Therapeutics
DHAC,Digital
BSGM,BioSig Technologies
COYA,Coya Therapeutics
MDNA,Medicenna
BTMD,Biote
CNNB,Cincinnati Bancorp
BTCY,Biotricity
UTSI,UTStarcom
LITM,Snow
CPSH,CPS
TMPO,TAH
ESOA,ESOA
MEIP,MEI Pharma
SYPR,Sypris Solutions
ASTI,AST
EUCR,Eucrates
CLRO,ClearOne
TCRX,TScan Therapeutics
MOBBW,Mobilicom
ACGN,Aceragen
EUDA,EUDA
USAU,U.S.
TRIB,Trinity
EVOJ,Evo
BIOR,Biora Therapeutics
IZEA,IZEA Worldwide
FRLN,Freeline
MIGI,MIG
BLRX,BioLineRx
ICLK,iClick
NYMX,Nymox Pharmaceutical
VEV,Vicinity
AIHS,Senmiao
DMAC,DiaMedica Therapeutics
CHCI,CHC
BMRA,Biomerica
CPIX,Cumberland Pharmaceuticals
GREE,GGH
WKEY,WISeKey
AKTX,Akari
PALI,Palisade Bio
MDVL,MedAvail Holdings
CRVS,Corvus Pharmaceuticals
SPCB,SuperCom
DXR,Daxor
UGRO,urban-gro
SUNW,Sunworks
EVAX,Evaxion
DOGZ,Dogness (International)
VTGN,VistaGen Therapeutics
FTFT,FFG
WTER,TAWC
NOVV,Nova
VLCN,Volcon
AWRE,Aware
DCTH,Delcath Systems
AVRO,AVROBIO
AVTX,Avalo Therapeutics
ADN,ATH
TCON,TRACON Pharmaceuticals
BNOX,Bionomics
SURF,Surface Oncology
DERM,Journey Medical
MSVB,Mid-Southern Bancorp
MNPR,Monopar Therapeutics
VMAR,VMT
NSYS,Nortech Systems
HUGE,FSD Pharma
DAIO,Data I/O
FRSX,Foresight
MGOL,MGO Global
BFI,BurgerFi International
DWSN,Dawson
TLF,TLF
CGRN,CGE
YGMZ,MingZhu
MBRX,Moleculin Biotech
GURE,Gulf Resources
TFFP,TFF Pharmaceuticals
EQ,Equillium
RAND,Rand Capital
NCTY,The9
EDRY,EuroDry
PBBK,PB Bankshares
IRIX,IRIDEX
NVVE,Nuvve
LXEH,Lixiang
SABS,SAB Biotherapeutics
TARA,Protara Therapeutics
AMAO,AAO
LASE,Laser Photonics
FLGC,Flora
CLPS,CLPS
ALBT,Avalon
CYAD,Celyad
OMQS,OMNIQ
EZGO,EZGO
NOVN,Novan
RMCF,RMCF
DTSS,Datasea
NTWK,NetSol Technologies
TTCF,Tattooed
POCI,Precision Optics
ENG,ENGlobal
NCMI,National CineMedia
SFT,Shift Technologies
BEAT,Heartbeam
XWEL,XWELL
IMMX,Immix Biopharma
STSA,Satsuma Pharmaceuticals
BBGI,BBG
EDTX,EdtechX
VVOS,Vivos Therapeutics
BTTX,Better Therapeutics
MCAE,Mountain
BWAY,BrainsWay
ABIO,ARCA biopharma
CVKD,Cadrenal Therapeutics
PHCF,Puhui
CNTG,Centogene
ISUN,iSun
SIOX,SGT
SALM,SMG
PXMD,PaxMedica
OCC,Optical Cable
PALT,Paltalk
TLIS,Talis Biomedical
MRKR,Marker Therapeutics
CMRA,CLSH
CTIB,Yunhong
GTIM,GTR
MRM,MHT
RAVE,RRG
ACST,Acasti Pharma
LGHL,Lion
GTBP,GT Biopharma
TGL,Treasure Global
SNT,Senstar
PMD,Psychemedics
SAI,SAI.TECH Global
WVVI,WVV
SSKN,SSS
APWC,APW&C
EVGN,Evogene
GTEC,GTH
LUMO,Lumos Pharma
ILAG,ILAG
HARP,Harpoon Therapeutics
CLAY,Chavant
OCCI,OCC
HYMC,HMH
MTEX,Mannatech
AMV,AMV
EDUC,Educational Development
MTEM,Molecular Templates
AGLE,Aeglea BioTherapeutics
RVYL,Ryvyl
PPBT,Purple
SGRP,SPAR Group
VEDU,VETHG
SWAG,S&C
SHPH,SPH
VCNX,Vaccinex
APTX,Aptinyx
LOV,Spark
VISL,Vislink Technologies
RAYA,EPSG
FOXW,FoxWayne
ADMP,Adamis Pharmaceuticals
EDSA,Edesa Biotech
ECOR,electroCore
QNCX,Quince Therapeutics
ZYNE,Zynerba Pharmaceuticals
VINC,Vincerx Pharma
ZIVO,Zivo Bioscience
ATNX,Athenex
CYCN,Cyclerion Therapeutics
CTHR,Charles
NMTR,9MB
PPSI,PPS
TBLT,ToughBuilt Industries
MODD,Modular Medical
BNRG,Brenmiller
LSTA,Lisata Therapeutics
OPHC,OptimumBank Holdings
ANY,Sphere
BIAF,bioAffinity Technologies
GSUN,Golden
BOXL,Boxlight
LNSR,LENSAR
ZCMD,Zhongchao
PATI,PTH
CASI,CASI Pharmaceuticals
SOPA,Society Pass
IPW,iPower
DALN,DallasNews
NLTX,Neoleukin Therapeutics
SRGA,Surgalign Holdings
OIG,OIG
NTRB,Nutriband
CLIR,ClearSign Technologies
MGTA,Magenta Therapeutics
MBOT,Microbot Medical
SHFS,SHF Holdings
IMV,IMV
FGF,FFG
IDAI,T Stamp
CMMB,Chemomab
CUBA,HCBF
GBNY,GBN
CLEU,China
APRE,Aprea Therapeutics
AXLA,Axcella Health
CYN,Cyngn
PETV,PetVivo Holdings
EDTK,Skillful
AYRO,AYRO
DTEA,DAVIDsTEA
OTRK,Ontrak
SEAC,SeaChange International
NH,NantHealth
ABVC,ABVC BioPharma
RGLS,Regulus Therapeutics
BSQR,BSQUARE
BFRI,Biofrontera
ERNA,Eterna Therapeutics
QTT,Qutoutiao
CDAK,Codiak BioSciences
FPAY,FlexShopper
ACOR,Acorda Therapeutics
DUOT,DTG
DLPN,Dolphin Entertainment
LFLY,Leafly Holdings
CPOP,Pop
ELEV,Elevation Oncology
VERO,Venus Concept
ATHX,Athersys
GLBS,Globus
MCLD,mCloud
HAPP,Happiness
AMTI,AMT
KERN,Akerna
RUBY,Rubius Therapeutics
GLBZ,Glen
GOVX,GeoVax Labs
AEI,Alset
EEIQ,EpicQuest
SBFM,Sunshine Biopharma
SGMA,SigmaTron International
WHLM,Wilhelmina International
PRSO,Peraso
TAIT,Taitron Components
HPCO,Hempacco Co.
EKSO,EBH
COCP,Cocrystal Pharma
AMPG,Amplitech Group
FNCH,FTG
ATIF,ATIF
RVPH,RPH
ALR,AlerisLife
PEGY,Pineapple Energy
RNXT,RenovoRx
VERB,VTC
BRLI,Brilliant Acquisition
SGTX,Sigilon Therapeutics
POLA,Polar Power
BLPH,Bellerophon Therapeutics
PEV,Phoenix Motor
NMTC,NMT
SLNO,Soleno Therapeutics
RMTI,Rockwell Medical
YOSH,Yoshiharu
USEA,United Maritime
DOMH,Dominari Holdings
CNFR,Conifer Holdings
ARDS,Aridis Pharmaceuticals
WAVE,Eco
ZFOXW,ZeroFox Holdings
FGI,FGI
OBSV,ObsEva
TPST,Tempest Therapeutics
FBRX,Forte Biosciences
NXPL,NextPlat
IMBI,iMedia Brands
WKSP,Worksport
RETO,ReTo Eco-Solutions
EFTR,eFFECTOR Therapeutics
VEEE,Twin
TNON,Tenon Medical
CFMS,Conformis
ANGN,Angion
SONM,Sonim Technologies
CARV,Carver Bancorp
SNGX,Soligenix
SWVL,Swvl
SBIG,SpringBig Holdings
AEY,ATG
BTCS,BTCS
SIDU,Sidus Space
RVSN,Rail
APM,Aptorum
KTTA,Pasithea
PRPO,Precipio
GRCY,Greencity Acquisition
MGAM,MGE
LIQT,LiqTech International
ASTC,Astrotech
ADXN,Addex
BWV,BWV
NRSN,NeuroSense
YTEN,Yield10 Bioscience
MOXC,Moxian
JCTCF,Jewett-Cameron
CLVR,CLH
MTCR,Metacrine
VIVK,Vivakor
INBS,IBS
HTCR,Heartcore Enterprises
GAME,EGAM
SDIG,SDM
SRZN,Surrozen
ZVSA,ZyVersa Therapeutics
KZIA,Kazia
AGRI,AgriFORCE
TC,TuanChe
SGBX,Safe
MRAI,Marpai
GCTK,GlucoTrack
MRIN,Marin Software
ELTK,Eltek
VJET,voxeljet
ALIM,Alimera Sciences
MDJH,MDJM
APDN,ADS
UPC,Universe Pharmaceuticals
BTB,Bit
AEZS,Aeterna Zentaris
MTC,MMTec
BNSO,BEI
KINS,Kingstone Companies
GNLN,Greenlane Holdings
CHNR,CNR
VRME,VerifyMe
ONTX,Onconova Therapeutics
SOBR,SOBR Safe
HGEN,Humanigen
TSRI,TSR
IKT,Inhibikase Therapeutics
IINN,Inspira
PYPD,PolyPid
CRBP,CPH
ENTX,Entera
TOMZ,TES
IFBD,Infobird
SCKT,Socket Mobile
LABP,Landos Biopharma
BPTH,Bio-Path Holdings
SNAX,Stryve Foods
ERYP,Erytech
DGLY,Digital Ally
PFIN,P&FI
ACRX,AcelRx Pharmaceuticals
LEXX,Lexaria
BHAT,Blue
BRFH,BFG
COMS,ComSovereign
ISIG,Insignia Systems
GVP,GSE Systems
RDHL,Redhill
FAMI,Farmmi
GRAY,Graybug Vision
OLB,TOG
REUN,Reunion Neuroscience
LTRY,Lottery.com
STKH,Steakholder
QUMU,Qumu
ELSE,Electro-Sensors
FRZA,Forza X1
MF,Missfresh
SIEN,Sientra
MARPS,Marine
PCSA,Processa Pharmaceuticals
CYTH,Cyclo Therapeutics
ATHE,Alterity
QTEK,QualTek Services
OST,Ostin
NRBO,NeuroBo Pharmaceuticals
GIGM,GigaMedia
HYRE,HyreCar
ZKIN,ZK
CUEN,Cuentas
OCG,Oriental
ISPC,iSpecimen
AUUD,Auddia
JWEL,Jowell
NXTP,NextPlay Technologies
EVOK,Evoke Pharma
SSNT,SilverSun Technologies
MARK,Remark Holdings
PULM,Pulmatrix
AIMD,Ainos
XELB,Xcel Brands
PSTV,PLUS THERAPEUTICS
GENE,Genetic
MDRR,MDR
DXYN,Dixie Group
LIPO,Lipella Pharmaceuticals
REBN,Reborn Coffee
CLXT,Calyxt
SGLY,Singularity
ITRM,Iterum
CREG,Smart
TTNP,Titan Pharmaceuticals
DRUG,BMB
WHLR,WREIT
MICS,TSMC
CLRB,Cellectar Biosciences
NURO,NeuroMetrix
INDP,Indaptus Therapeutics
BIOL,Biolase
DATS,DatChat
FUV,Arcimoto
GLMD,Galmed
JUPW,Jupiter Wellness
TRVN,Trevena
ALRN,Aileron Therapeutics
STRR,SEH
CNET,ZDAT
NEPH,Nephros
CREX,Creative Realities
ONVO,Organovo Holdings
BON,Bon
VQS,VIQ Solutions
ANTE,AirNet Technology
AUVI,Applied UV
FEMY,Femasys
IMCC,IM
NDRA,ELS
CEMI,Chembio Diagnostics
VYNE,VYNE Therapeutics
GFAI,Guardforce
JVA,CHC
SQFT,PPT
STSS,Sharps Technology
XPON,Expion360
GIPR,GIP
MFH,MFH
AUID,authID
GRNQ,Greenpro
FORD,Forward Industries
LMNL,Liminal BioSciences
UTRS,Minerva Surgical
SECO,Secoo
GYRO,Gyrodyne
AKAN,Akanda
NCRA,Nocera
ARTW,AMC
EZFL,EzFill Holdings
IMRN,Immuron
AGRX,Agile Therapeutics
DFFN,Diffusion Pharmaceuticals
LHDX,Lucira Health
AHI,Advanced
RELI,RGG
VBLT,Vascular
APVO,Aptevo Therapeutics
NERV,Minerva
BLIN,Bridgeline Digital
TTOO,T2 Biosystems
KWE,KMS
DTST,Data Storage
IMTE,Integrated
BTBD,BT Brands
OXBR,Oxbridge
CYCC,Cyclacel Pharmaceuticals
LIXT,LBH
AYTU,Aytu BioPharma
CNTX,Context Therapeutics
HCTI,Healthcare Triangle
EFOI,Energy Focus
RCON,Recon
EBET,EBET
BRTX,BioRestorative Therapies
TRKA,TMG
IMNN,Imunon
AGFY,Agrify
TAOP,Taoping
VVPR,VivoPower
CING,Cingulate
HSDT,HMT
ASNS,Actelis Networks
HALL,HFS
IVDA,Iveda Solutions
SOFO,Sonic Foundry
CDIO,CDH
JCSE,JE
ONCR,Oncorus
NISN,NiSun
KTRA,Kintara Therapeutics
BLCM,Bellicum Pharmaceuticals
CLWT,Euro
WAFU,Wah
WAVD,WaveDancer
MDIA,Mediaco Holding
PTIX,Protagenic Therapeutics
AEMD,Aethlon Medical
SBET,SharpLink
OP,OceanPal
AVGR,Avinger
LEDS,SemiLEDS
SXTC,CSP
BACK,IMAC Holdings
PSHG,Performance Shipping
AHG,Akso
KBNT,Kubient
GMBL,EEG
XRTX,XORTX Therapeutics
NAOV,NanoVibronix
ONFO,Onfolio Holdings
NEXI,NexImmune
AEHL,Antelope
LCFY,Locafy
LUCY,Innovative Eyewear
MINM,Minim
ZEST,Ecoark Holdings
LMFA,LFA
NSPR,InspireMD
JAGX,Jaguar Health
ALAR,Alarum
CMND,Clearmind Medicine
REED,Reeds
BOSC,B.O.S.
RNAZ,TransCode Therapeutics
BIOC,Biocept
VRPX,Virpax Pharmaceuticals
CBIO,Catalyst Biosciences
QH,Quhuo
GRIL,Muscle
VRAX,Virax
ADD,Color
SLGG,SLG
WISA,WiSA Technologies
HIHO,Highway
UNCY,Unicycive Therapeutics
SONN,SBH
JFBR,Jeffs'
ELOX,Eloxx Pharmaceuticals
ARTL,Artelo Biosciences
BPTS,Biophytis
XELA,Exela Technologies
BJDX,Bluejay Diagnostics
ADIL,Adial
AMST,Amesite
SMFL,SFL
NEPT,NWS
NVOS,NIS
CYAN,Cyanotech
WNW,Meiwu
UTME,UTime
COEP,CTH
BSFC,Blue
SVRE,SaverOne
WLDS,Wearable
GHSI,GHS
MDGS,Medigus
PIK,Kidpik
ASPU,Aspen Group
ELYS,Elys
SLNH,Soluna Holdings
BAOS,Baosheng
NXGL,NexGel
RCRT,Recruiter.com Group
DYNT,Dynatronics
SILO,Silo Pharma
NBSE,NeuBase Therapeutics
NXL,Nexalin Technology
RKDA,Arcadia Biosciences
STAF,S3S
CEAD,CEA Industries
SNPX,Synaptogenix
NCPL,Netcapital
SYTA,Siyata Mobile
CELZ,CMTH
NUZE,NuZee
FRTX,FTT
TYDE,Cryptyde
ATXI,Avenue Therapeutics
XTLB,XTL
QNRX,Quoin
PLXP,PLx Pharma
MIND,MIND Technology
SVVC,FTVF
INVO,INVO BioScience
PHIO,Phio
MTEK,Maris-Tech
BKYI,BIO-key International
HOTH,Hoth Therapeutics
TIVC,THS
GDC,GD
IONM,Assure
UK,Ucommune
POAI,Predictive Oncology
HCDI,HCD
XCUR,Exicure
UNAM,Unico American
DUO,Fangdd
CYRN,CYREN
MATH,Metalpha
ONCS,OncoSec Medical
KPRX,Kiora Pharmaceuticals
HILS,Hillstream BioPharma
BNTC,Benitec Biopharma
HSCS,HTL
TIRX,TIAN
ADTX,Aditxt
OPGN,OpGen
REVB,Revelation Biosciences
SNTG,Sentage Holdings
BLBX,Blackboxstocks
WINT,Windtree Therapeutics
DBGI,DBG
NVFY,Nova Lifestyle
RIBT,RiceBran
CWBR,CohBar
ENVB,Enveric Biosciences
SLRX,Salarius Pharmaceuticals
SNOA,Sonoma Pharmaceuticals
ACON,Aclarion
PTE,PolarityTE
PTPI,Petros Pharmaceuticals
VIRI,Virios Therapeutics
BTOG,Bit
BRQS,Borqs Technologies
BIMI,BIM
KAL,Kalera
FWBI,FWB
MOBQ,Mobiquity Technologies
VYNT,Vyant Bio
WORX,SCWorx
PRFX,PainReform
QLGN,Qualigen Therapeutics
ENSC,Ensysce Biosciences
SVFD,Save Foods
METX,Meten
BVXV,BiondVax
CRKN,Crown
INPX,Inpixon
SQL,SeqLL
MOTS,MGH
OBLG,Oblong
BBLG,Bone
TENX,Tenax Therapeutics
NVIV,InVivo
SINT,SiNtx Technologies
NBRV,Nabriva
JZXN,Jiuzi Holdings
HSTO,Histogen
GROM,GSE
CNXA,CST
JAN,JanOne
NUWE,Nuwellis
EDBL,EGA
ASAP,Waitr Holdings
HTGM,HMD
CYTO,Altamira
THMO,ThermoGenesis Holdings
AREB,ARH
MYSZ,My Size
CFRX,ContraFect
KSPN,Kaspien Holdings
EAST,Eastside Distilling
MSGM,Motorsport Games
VLON,Vallon Pharmaceuticals
MEDS,TRxADE HEALTH
VINO,GGH
TCBP,TC
DRMA,Dermata Therapeutics
FRGT,Freight Technologies
XBIO,Xenetic Biosciences
SASI,SAS
KRBP,Kiromic BioPharma
ALLR,Allarity Therapeutics
PT,Pintec
SPRC,SciSparc
BRSH,BOC
CNSP,CNS Pharmaceuticals
VS,Versus Systems
SISI,Shineco
INM,InMed Pharmaceuticals
AHPI,AHP
YVR,Liquid
GMVD,G
MTP,Midatech
EJH,E-Home
SNES,SenesTech
LGMK,LogicMark
JXJT,JX
CALA,Calithera Biosciences
PBLA,Panbela Therapeutics
BXRX,Baudax Bio
MOB,Mobilicom
PBTS,Powerbridge
NEGG,Newegg Commerce
RSLS,ReShape Lifesciences
CETX,Cemtrex
SWVLW,Swvl
IMPP,Imperial Petroleum
BZFDW,BuzzFeed
EFHTR,EHA
NRACW,NRA
BAERW,BAGH
ACQRW,Independence
ATMCR,AlphaTime
FLFVW,FLA
FLFVR,FLA
FOXWW,FoxWayne
PLTNW,Plutonian
IMAQW,International
JGGCW,JGG
PUCKW,Goal
DTRTW,DTRT
BIOTW,Biotech
ATMCW,AlphaTime
BAER,BAGH
CSSEL,CSFTSE
ARTEW,ASI
SNRHW,Senior
DECAW,Denali
NAACW,NAA
NOGNW,Nogin
SWSSW,Springwater
QSG,QuantaSing
PMGMW,Priveterra
HSPO,Horizon
REVBW,Revelation Biosciences
QRTEP,Qurate Retail
HLBZW,Helbiz
GOEVW,Canoo
LIFWW,MSP Recovery
AEPPZ,AEPC
WESTW,Westrock
KALWW,Kalera
CTAQU,Carney
GWIIW,Good
KSICU,KSI
PEPLW,PHA
TMCWW,TTMC
BHFAN,Brighthouse Financial
APPHW,AppHarvest
BPACW,Bullpen
CENQW,CENAQ
CLVRW,CLH
FFIEW,FFIE
AFRIW,Forafric
SVFAW,SVF
DRTSW,Alpha
ALTIW,ATH
GPACW,Global
CETXP,Cemtrex
AACIW,Armada
APCXW,AppTech
APGNW,Apexigen
HTZWW,Hertz
XPAXU,XPAC
EVOJW,Evo
LFACW,LF
HSPOW,Horizon
GBBKR,Global
BLNGW,Belong
IPAXW,Inflection
DECAU,Denali
CFIVW,CF
GTXAP,Garrett Motion
SIVBP,SVB
LCAAW,L
EDBLW,EGA
RGTIW,Rigetti Computing
RNERW,Mount
PLTNR,Plutonian
SHCRW,Sharecare
COOLW,Corner
JMACW,Maxpro
SBNYP,Signature
NAMSW,NewAmsterdam
FITBI,Fifth
FATPW,Fat
BOCNW,Blue
ANGHW,Anghami
EVGOW,EVgo
SLDPW,Solid Power
NOVVR,Nova
DWACW,Digital
ASTLW,ASG
CPARW,Catalyst
MPRAU,MPA
ATAKR,Aurora
WEJOW,Wejo
GGROW,Gogoro
BCSAW,Blockchain
BHFAM,Brighthouse Financial
JGGCR,JGG
LBBBW,Lakeshore
FTIIW,FutureTech
LGACU,Lazard
OTMOW,Otonomo
ADNWW,ATH
HBANP,Huntington Bancshares
HWELW,Healthwell
ALSAW,ASA
GCMGW,GCM Grosvenor
GFAIW,Guardforce
VERBW,VTC
HCDIP,HCD
TANNL,TOA
KRNLW,KGH
SLAMW,Slam
LGTOU,Legato
CHSCM,CHS
BWCAU,Blue
FCNCO,FCB
AVACW,Avalon Acquisition
BREZR,Breeze
ASCBR,A
TPBAW,TPB Acquisition
ENCPW,Energem
GLLIW,Globalink Investment
RFACU,RF
CRESW,Cresud
TBLTW,ToughBuilt Industries
ERESW,East
GFGDW,TGFGA
BRKHW,BurTech
LTRYW,Lottery.com
LIBYW,Liberty
USCTW,TKB
KACLR,Kairous
MMVWW,MultiMetaVerse
OZKAP,Bank
ATNFW,180
SGHLW,Signal
FNVTW,Finnovate
SAGAR,Sagaliam
GMBLW,EEG
IQMDW,Intelligent
BREZW,Breeze
GSRMW,GSR
KSICW,KSI
DCRDW,DPA
LGTOW,Legato
VCXAW,10X
ACAHU,Atlantic
SVIIR,Spring
PARAP,Paramount
MVSTW,Microvast Holdings
ACGLN,Arch
XPAXW,XPAC
ATMVU,AlphaVest
DAVEW,Dave
CHSCL,CHS
RILYZ,BRF
TBSAU,TB
PRSTW,Presto Automation
NVSAU,New
BFIIW,BurgerFi International
AMCIW,AMCI
WTFCP,Wintrust Financial
GXIIW,GX
HOLOW,MicroCloud Hologram
DPCSW,DP
ACAXW,Alset
BRIVU,B.
FXCOW,Financial
AGNCO,AGNC
SPCMW,Sound
VWEWW,VWE
AEAEW,AltEnergy
ZINGW,FTAC
DHCNL,Diversified
NCPLW,Netcapital
AGNCP,AGNC
GLSTW,GSA
EFHTW,EHA
ICUCW,SMH
THWWW,Target
SHFSW,SHF Holdings
NWTNW,NWTN
LIONW,Lionheart
PONOW,Pono
DHCNI,Diversified
EMLDU,FTAC
ACAHW,Atlantic
PFDRW,Pathfinder Acquisition
IMTXW,Immatics
TANNI,TOA
RWAYZ,Runway
CLRCW,ClimateRock
HWCPZ,Hancock Whitney
INDIW,indie Semiconductor
MSACW,Medicus
FTPAW,FTAC
PACWP,PacWest
HUMAW,Humacyte
MPRAW,MPA
NYMTL,NYMT
IVCBW,Investcorp
SZZLW,Sizzle
DHACW,Digital
ESACW,ESGEN Acquisition
SLMBP,SLM
NCACW,Newcourt
AGNCM,AGNC
CLINU,Clean
MLAIU,McLaren
SLVRW,SilverSPAC
OXACW,Oxbridge
CELUW,Celularity
CHSCP,CHS
ARBGW,Aequi
MTRYW,MBA
NVACR,NorthView Acquisition
NVVEW,Nuvve
SCRMW,Screaming
TETCW,TAET
CCLDP,CareCloud
HWELU,Healthwell
AREBW,ARH
IMACW,IMAC Holdings
OTRKP,Ontrak
MLACW,Malacca
GRABW,Grab
BTWNW,Bridgetown
CDAQU,Compass
CHSCN,CHS
CNGLW,Canna-Global
FITBP,Fifth
RUMBW,Rumble
BIAFW,bioAffinity Technologies
APACW,StoneBridge Acquisition
PPYAW,Papaya
AIMBU,Aimfinity
OHAAW,OPY
ROIVW,Roivant
ESGRP,Enstar
JSM,Navient
BHFAP,Brighthouse Financial
BBLGW,Bone
VLDRW,Velodyne Lidar
CGABL,TCG
BHFAL,Brighthouse Financial
CTAQW,Carney
OCAXU,OCA
MBINM,Merchants
ONBPP,Old
LIFWZ,MSP Recovery
HPLTW,HPA
LVOXW,LiveVox Holdings
LCAHU,LHI
AGNCN,AGNC
RWODR,Redwoods
NYMTZ,NYMT
SWAGW,S&C
GSRMR,GSR
BLDEW,BAM
IVDAW,Iveda Solutions
SKYAW,Skydeck
KINZW,KTG
OPINL,Office
LGHLW,Lion
RVPHW,RPH
TGAAW,Target
RILYM,BRF
CIFRW,Cipher Mining
CLRCR,ClimateRock
FITBO,Fifth
CPAAW,Conyers
NTRSO,Northern Trust
MURFU,Murphy
SNRHU,Senior
CSSEP,CSFTSE
RILYO,BRF
ENTFW,Enterprise
CPAAU,Conyers
AIMDW,Ainos
AGNCL,AGNC
OCCIO,OCC
FIACU,Focus
CMPOW,CompoSecure
SURGW,SurgePays
HSPOU,Horizon
WAFDP,Washington Federal
MITAU,Coliseum
PCTTW,PureCycle Technologies
ORGNW,Origin Materials
APMIU,AIA
OXLCM,Oxford
BTMDW,Biote
TCBIO,TCB
SONDW,Sonder Holdings
TANNZ,TOA
SKGRW,SGO
VSACU,Vision
FCNCP,FCB
CCAIW,Cascadia
CEADW,CEA Industries
LIVBW,LIV
XOSWW,Xos
ADTHW,AHC
ASPAW,ABRI
VMCAW,Valuence
RNERU,Mount
BRLIW,Brilliant Acquisition
RELIW,RGG
COEPW,CTH
RTLPP,TNRR
NPABW,New
ARRWW,Arrowroot
GFGDR,TGFGA
ACAXR,Alset
IGTAR,Inception
DCOMP,DCB
FREEW,WEB
BHFAO,Brighthouse Financial
XPDBU,Power
HROWM,Harrow Health
THCPU,TBCPI
UTAAW,UTA Acquisition
FHLTW,Future
THCPW,TBCPI
NYMTN,NYMT
EACPW,Edify
FTAAW,FTAC
GSMGW,Glory
LFLYW,Leafly Holdings
YOTAR,Yotta Acquisition
ACGLO,Arch
WKSPW,Worksport
LMDXW,LumiraDx
TRKAW,TMG
RWAYL,Runway
HMACU,Hainan
CFFSW,CF
UCBIO,UCB
FRGAP,Franchise Group
LVACU,LAVA
CMAXW,CareMax
SPKBW,Silver
VRMEW,VerifyMe
HCVIW,Hennessy
ROCGW,Roth
HROWL,Harrow Health
APMIW,AIA
EMBKW,Embark Technology
CHSCO,CHS
ARIZW,Arisz
XELAP,Exela Technologies
KINZU,KTG
APTMW,Alpha
LANDO,Gladstone Land
VLYPP,Valley
BEATW,Heartbeam
MCACW,MCA
HTIA,Healthcare Trust
RILYN,BRF
ARBKL,Argo
GMBLP,EEG
HBANM,Huntington Bancshares
ONBPO,Old
EMLDW,FTAC
HCVIU,Hennessy
ALTUW,Altitude
FBIOP,Fortress Biotech
APXIU,APx
FRLAU,FRA
JAQCU,Jupiter Acquisition
GVCIW,Green
SVFAU,SVF
ATMCU,AlphaTime
LILMW,Lilium
AIMAU,Aimfinity
BPYPM,Brookfield
RENEW,Cartesian Growth
EUCRW,Eucrates
CCLDO,CareCloud
LSEAW,Landsea Homes
MDGSW,Medigus
OXUSW,Oxus
LCAHW,LHI
VLYPO,Valley
ROSEW,RHA
ARQQW,Arqit Quantum
DCFCW,Tritium
BWCAW,Blue
BPYPO,Brookfield
NYMTM,NYMT
FRBNW,Forbion
CONXU,CONX
BRKHU,BurTech
GRRRW,GTG
JUPWW,Jupiter Wellness
STSSW,Sharps Technology
SAMAW,Schultze
WSBCP,WesBanco
FULTP,Fulton Financial
BANFP,BancFirst
WWACW,Worldwide
ENERR,Accretion
SPCMU,Sound
DUNEW,Dune Acquisition
DKDCW,Data
KERNW,Akerna
LBRDP,Liberty Broadband
ATCOL,Atlas
EOSEW,EEE
GLSTR,GSA
HOFVW,Hall
ACBAU,Ace
GBRGR,Goldenbridge
BMAQR,Blockchain
BCDAW,BioCardia
LUCYW,Innovative Eyewear
HAIAW,Healthcare
CPARU,Catalyst
APXIW,APx
EFTRW,eFFECTOR Therapeutics
PFDRU,Pathfinder Acquisition
SCOBW,ScION
HYMCL,HMH
LEGAU,Lead
CBRGW,Chain
MINDP,MIND Technology
GREEL,GGH
SQFTP,PPT
EVLVW,ETH
XOMAO,XOMA
MBINN,Merchants
ZIONO,Zions
CONXW,CONX
ARBEW,Arbe
SQFTW,PPT
PRENW,Prenetics
BPYPP,Brookfield
IVCPW,Swiftmerge
GIPRW,Generation
CUENW,Cuentas
TBSAW,TB
FGBIP,FGB
SIGIP,SIG
OXLCL,Oxford
MCAFR,Mountain
WGSWW,GeneDx
ORIAW,Orion
ARIZR,Arisz
PEARW,Pear Therapeutics
OXLCN,Oxford
WHLRL,WREIT
ARRWU,Arrowroot
DTRTU,DTRT
GAINZ,Gladstone Investment
MCAFU,Mountain
RTLPO,TNRR
MBINO,Merchants
FATPU,Fat
HTIBP,Healthcare Trust
GSDWW,GSD
ASPAU,ASI
VIASP,Via Renewables
GDSTR,Goldenstone
AURCW,Aurora
BGRYW,Berkshire Grey
OXBRW,Oxbridge
FHLTU,Future
AEAEU,AltEnergy
FTAIO,FTAI
RAMMW,AIA
ACQRU,Independence
BWACU,Better
AUROW,Aurora Innovation
GAMCU,Golden
FTIIU,FutureTech
HTLFP,HFU
RILYG,BRF
BLNKW,Blink
NTRBW,Nutriband
EVGRU,Evergreen
EVGRW,Evergreen
EMCGR,Embrace
GMBLZ,EEG
ASTSW,AST SpaceMobile
UKOMW,Ucommune
FATBW,FAT Brands
GLSTU,GSA
RVSNW,Rail
RILYT,BRF
AUVIP,Applied UV
PNFPP,PFP
CITEW,Cartica
VCXAU,10X
CDAQW,Compass
MSSAW,MSSA
RMGCW,RMG
SMAPU,SportsMap
PLTNU,Plutonian
FATBP,FAT Brands
WTFCM,Wintrust Financial
IVCAW,Investcorp
ATLCP,Atlanticus Holdings
ACACU,ACA
GFGDU,TGFGA
EMCGW,Embrace
SOUNW,SoundHound AI
UPTDU,TradeUP
EBACW,European
ISRLU,Israel
CHEKZ,Check-Cap
HPLTU,HPA
PFTAU,PFA
CLNNW,Clene
PETVW,PetVivo Holdings
BRACU,Broad
HOVNP,Hovnanian
GAMCW,Golden
AMCIU,AMCI
TBCPW,TBCPI
VSACW,Vision
FAZEW,FaZe Holdings
ZIONL,Zions
HTOOW,Fusion
BPACU,Bullpen
CLINW,Clean
KAIIU,Kismet
LATGU,LatAmGrowth
STRCW,STAR
BSGAR,Blue
CRECW,Crescera
ONFOW,Onfolio Holdings
ORIAU,Orion
ZIONP,Zions
AGRIW,AgriFORCE
CMCAU,Capitalworks
OCFCP,OceanFirst
NUBIW,Nubia
NEOVW,NeoVolta
IIVIP,Coherent
KITTW,Nauticus Robotics
LIDRW,AEye
FNVTU,Finnovate
VORBW,VOH
ALORW,AOA
CRZNW,Corazon
PRLHU,Pearl
SLNHP,Soluna
GOODO,Gladstone Commercial
EFSCP,EFS
RILYL,BRF
GEGGL,GEG
FTAIN,FTAI
PRSRW,Prospector
PRSRU,Prospector
ESGRO,Enstar
RSVRW,Reservoir Media
JFBRW,Jeffs'
BWACW,Better
NRXPW,NRX Pharmaceuticals
ADOCR,Edoc
MSDAW,MSD
RILYK,BRF
DTOCU,Digital
JSPRW,Japer Therapeutics
GOODN,Gladstone Commercial
ACBAW,Ace
SNAXW,Stryve Foods
CCAIU,Cascadia
HNNAZ,Hennessy Advisors
HSCSW,HTL
ITAQW,ITAI
PCCTW,Perception
CYTHW,Cyclo Therapeutics
ROCGU,Roth
SBIGW,SpringBig Holdings
PEGRW,Project
LBBBU,Lakeshore
TETEU,T&TA
BNGOW,Bionano Genomics
OFSSH,OFS Capital
BRLIR,Brilliant Acquisition
SDACW,Sustainable
AOGOW,Arogo
HYZNW,Hyzon Motors
SAMAU,Schultze
SCMAW,Seaport
NXGLW,NexGel
INVZW,Innoviz
OXSQL,Oxford
UPTDW,TradeUP
TMKRW,Tastemaker
ACAXU,Alset
AGGRW,Agile
ACDCW,ProFrac
ATMVR,AlphaVest
HORIW,Emerging
MLECW,Moolec
NRSNW,NeuroSense
PEGRU,Project
PGYWW,Pagaya
PWUPU,PowerUp
SGIIW,Seaport
SVIIW,Spring
VHNAW,Vahanna
SLACW,Social
MSBIP,MSB
XPDBW,Power
TECTP,Tectonic Financial
BPYPN,Brookfield
POWWP,AMMO
WHLRP,WREIT
SOLOW,Electrameccanica
MSDAU,MSD
ALSAU,ASA
GBBKW,Global
ONYXW,Onyx
EQRXW,EQRx
SCOBU,ScION
PFXNZ,PhenixFIN
WAVSU,Western
JWACR,Jupiter
CENQU,CENAQ
IPAXU,Inflection
CLAYW,Chavant
DHHCU,DiamondHead
PPYAU,Papaya
TGAAU,Target
PLAOW,Patria
FSRXU,FinServ
SVIIU,Spring
ACONW,Aclarion
FGFPP,FFG
SOHOO,Sotherly Hotels
CYCCP,Cyclacel Pharmaceuticals
HHGCW,HHG Capital
IPVIU,IIIP
LGACW,Lazard
MCAGU,Mountain
SQLLW,SeqLL
CLINR,Clean
GDSTU,Goldenstone
FRMEP,First Merchants
AVPTW,AvePoint
OHAAU,OPY
SKGRU,SGO
CHKEW,Chesapeake Energy
SVNAW,7 Acquisition
NLSPW,NLS
NEWTL,NewtekOne
IVCBU,Investcorp
LGSTW,SPA
MITAW,Coliseum
TBCPU,TBCPI
TMKRU,Tastemaker
WWACU,Worldwide
MEACW,SEP
TRINL,Trinity Capital
GEEXU,Games
CHKEL,Chesapeake Energy
PNACW,Prime
TCBPW,TC
BYTSU,BYTE
FICVW,Frontier
CHKEZ,Chesapeake Energy
INBKZ,First
HPKEW,HighPeak Energy
OXLCO,Oxford
PONOU,Pono
AGBAW,AGBA
ASCAR,A
ATLCL,Atlanticus Holdings
BIOSU,BioPlus
BLEUW,bleuacacia
CLBTW,Cellebrite
DISAU,Disruptive Acquisition
GECCN,Great
ISPOW,Inspirato
LBBBR,Lakeshore
LEXXW,Lexaria
PPHPR,PHP
PXSAW,Pyxis Tankers
RCLFU,Rosecliff
ROSEU,RHA
SAITW,SAI.TECH Global
SGHLU,Signal
SLACU,Social
TBLAW,Taboola.com
VMGAW,VMG
GHIXU,GHI
GOVXW,GeoVax Labs
MLAIW,McLaren
NVSAW,New
ADSEW,ADS-TEC
OXSQZ,Oxford
PWUPW,PowerUp
SZZLU,Sizzle
OXLCP,Oxford
PLMIW,Plum
UTAAU,UTA Acquisition
BCTXW,BriaCell
GROMW,GSE
TOIIW,TOI
CCNEP,CNB Financial
ARKOW,ARKO
IINNW,Inspira
KRNLU,KGH
MLACU,Malacca
PTWOU,PCT
PTWOW,PCT
TALKW,Talkspace
QSIAW,Quantum-Si
MACAW,Moringa
AFARU,Aura
PRLHW,Pearl
OTECU,OceanTech
GECCM,Great
COWNL,Cowen
SLGCW,SomaLogic
IMBIL,iMedia Brands
DHCAU,DHC
LIONU,Lionheart
ADALU,Anthemis
DRMAW,Dermata Therapeutics
DTSTW,Data Storage
FOXWU,FoxWayne
GMFIW,Aetherium
GRCYU,Greencity Acquisition
HCDIW,HCD
JUGGU,JJA
LEGAW,Lead
MTACU,MedTech Acquisition
NBSTW,NSA
PNACR,Prime
THCHW,TH
CIIGW,CCPI
FTAIP,FTAI
KPLTW,Katapult Holdings
XOMAP,XOMA
DFLIW,Dragonfly
BYTSW,BYTE
CNOBP,ConnectOne Bancorp
BNIXR,Bannix
GMVDW,G
BWBBP,Bridgewater Bancshares
CFFEW,CF
GATEU,Marblegate
IMAQU,International
ROCLW,Roth
SABSW,SAB Biotherapeutics
ZIVOW,Zivo Bioscience
OCCIN,OCC
LITTU,Logistics
PPHPU,PHP
DHCAW,DHC
WLDSW,Wearable
DWACU,Digital
BWAQU,BWA
CNFRL,Conifer Holdings
BEEMW,Beam
VMCAU,Valuence
MBINP,Merchants
TWCBU,Bilander
SLAMU,Slam
ITQRU,Itiquira
BPOPM,Popular
CURIW,CuriosityStream
AQUNU,Aquaron
AUUDW,Auddia
CDZIP,Cadiz
SOHON,Sotherly Hotels
ANZUW,Anzu
ENERW,Accretion
ENTFU,Enterprise
KAIIW,Kismet
LFMDP,LifeMD
LGVCU,LAMF
LTCHW,Latch
NNAVW,NextNav
NUBIU,Nubia
PBAXU,Phoenix
PROCW,Procaps
PUCKU,Goal
RILYP,BRF
VPCBU,VPC
SABRP,Sabre
SOHOB,Sotherly Hotels
PCTTU,PureCycle Technologies
MAQCW,MCA
PEPLU,PHA
ONYXU,Onyx
YOTAW,Yotta Acquisition
ASCAW,A
FRONU,Frontier
VLATW,Valor
COMSW,ComSovereign
GATEW,Marblegate
IVCAU,Investcorp
METCL,Ramaco Resources
DATSW,DatChat
FOSLL,Fossil Group
MCAAW,Mountain
ALTUU,Altitude
PIIIW,PHP
SSSSL,SuRo
DTOCW,Digital
PPHPW,PHP
COMSP,ComSovereign
HYMCW,HMH
ESACU,ESGEN Acquisition
CLOER,Clover
METXW,Meten
FEXDR,Fintech
BTBDW,BT Brands
PHUNW,Phunware
ECX,ECARX Holdings
FEXDU,Fintech
ATMV,AlphaVest
CBRGU,Chain
SCRMU,Screaming
USCTU,TKB
AFARW,Aura
AMAOU,AAO
BRACR,Broad
BWAQR,BWA
CCTSU,Cactus
CFFEU,CF
CFFSU,CF
CMCAW,Capitalworks
FMIVW,FMI
FRBNU,Forbion
FRSGU,First
GLLIU,Globalink Investment
GRCYW,Greencity Acquisition
GSRMU,GSR
HCMAW,HCM
HCNEU,Jaws
IGICW,International
IXAQU,IX
JGGCU,JGG
KBNTW,Kubient
KYCHW,Keyarch Acquisition
LCAAU,L
LCFYW,Locafy
MTACW,MedTech Acquisition
NXLIW,Nexalin Technology
OTECW,OceanTech
PBAXW,Phoenix
PLAOU,Patria
RENEU,Cartesian Growth
SMIHW,Summit
SVNAU,7 Acquisition
SWSSU,Springwater
TIOAW,Tio
XFINU,ExcelFin
ZTAQU,Zimmer
DUNEU,Dune Acquisition
DKDCU,Data
BLNGU,Belong
NEWTZ,NewtekOne
PMGMU,Priveterra
SHUAU,SHUAA
BFRIW,Biofrontera
ARBGU,Aequi
ALVOW,Alvotech
DHHCW,DiamondHead
IOACW,Innovative
MEOAW,MEOA
GAINN,Gladstone Investment
MCAER,Mountain
PAYOW,Payoneer Global
WHLRD,WREIT
XBIOW,Xenetic Biosciences
LVACW,LAVA
AACIU,Armada
BTWNU,Bridgetown
CSLMW,Consilium
FEXDW,Fintech
FRSGW,First
LGVCW,LAMF
ROCLU,Roth
TLGYU,TLGY Acquisition
TPBAU,TPB Acquisition
KWESW,KMS
PNACU,Prime
HHGCR,HHG Capital
HHGCU,HHG Capital
HERAW,FTAC
EBACU,European
LITTW,Logistics
NXPLW,NextPlat
HCDIZ,HCD
PETWW,Wag!
RNWWW,ReNew
SYTAW,Siyata Mobile
QTEKW,QualTek Services
CMRAW,CLSH
TETCU,TAET
PAVMZ,PAVmed
DCRDU,DPA
ASCAU,A
IMAQR,International
QOMOR,Qomolangma
LDHAW,LDH
BMAQW,Blockchain
CINGW,Cingulate
FGMCW,FG
IMPPP,Imperial Petroleum
YOTAU,Yotta Acquisition
FSRXW,FinServ
GRNAW,GreenLight
SBFMW,Sunshine Biopharma
ACABW,Atlantic
MBNKP,Medallion
NBSTU,NSA
PXSAP,Pyxis Tankers
ADOCW,Edoc
DBGIW,DBG
JUGGW,JJA
SCAQU,Stratim
WVVIP,WVV
BCSAU,Blockchain
BRSHW,BOC
LVOXU,LiveVox Holdings
MAPSW,WM Technology
SDACU,Sustainable
PGRWW,Progress
ATAKU,Aurora
GPACU,Global
AIRTP,Air T
COOLU,Corner
FRONW,Frontier
MNTSW,Momentus
ALPAU,Alpha
GHIXW,GHI
LIXTW,LBH
NHICU,NewHold
PGRWU,Progress
SPKBU,Silver
BMAQU,Blockchain
IRAAU,Iris
PTOCW,Pine
VLATU,Valor
ALPAW,Alpha
ANZUU,Anzu
DMAQR,Deep
DUETU,DUET
DUETW,DUET
STRRP,SEH
TENKU,TenX
TWCBW,Bilander
ACACW,ACA
ADVWW,Advantage Solutions
AHRNU,Ahren
ARTEU,ASI
BHACU,Crixus
BROGW,Brooge
CSSEN,CSFTSE
DPCSU,DP
ENTXW,Entera
EUCRU,Eucrates
FICVU,Frontier
GDNRU,Gardiner
GECCO,Great
GENQU,Genesis
INKAU,KludeIn
LATGW,LatAmGrowth
LDHAU,LDH
LGSTU,SPA
MBTCR,Nocturne Acquisition
MDRRP,MDR
MNSBP,MainStreet Bancshares
NESRW,National
NRACU,NRA
OXLCZ,Oxford
OXSQG,Oxford
RMGCU,RMG
SNCRL,Synchronoss Technologies
SRZNW,Surrozen
TOACW,Talon
ZTAQW,Zimmer
SCLXW,Scilex
CRGO,Freightos
CACO,Caravelle
GWAV,GTS
OABIW,OmniAb
SFRWW,Appreciate Holdings
HSPOR,Horizon
HUDA,Hudson
MCVT,Mill
EUDAW,EUDA
SLNAW,Selina
TFINP,Triumph Financial
IMCI,Infinite Group
ECXWW,ECARX Holdings
OSAAW,ProSomnus
TMPOW,TAH
CANB,Can
